kabupaten_kota,kecamatan,latitude,longitude,is_kota,populasi,kepadatan_penduduk,income_per_kapita,jarak_ke_jalan_utama,jarak_ke_pasar,akses_internet_pct,skor_infrastruktur,jumlah_kompetitor_radius_3km,jarak_ke_bank_terdekat,penetrasi_kur_pct,risiko_banjir,risiko_gempa
Kab. Bandung,Cileunyi,-7.000074,107.662114,False,93927,6979.0,8.85,2.16,5.98,65.8,72.0,0,6.65,18.0,0.05,0.349
Kab. Bandung,Cimenyan,-6.942881,107.605785,False,200718,60915.2,8.22,1.53,0.81,80.0,86.3,22,2.22,37.5,0.236,0.174
Kab. Bandung,Cilengkrang,-7.035037,107.534959,False,101745,1563.5,3.38,0.78,10.46,65.3,69.4,1,5.24,34.3,0.067,0.382
Kab. Bandung,Bojongsoang,-7.050707,107.648588,False,51674,3452.9,7.9,0.65,9.8,70.4,72.9,0,1.5,35.3,0.147,0.442
Kab. Bandung,Margahayu,-6.963822,107.623292,False,61855,4933.5,8.02,3.19,1.35,85.3,84.0,1,2.49,39.6,0.136,0.166
Kab. Bandung,Margaasih,-7.056706,107.665186,False,282260,44952.2,15.0,11.07,1.15,74.9,60.7,17,13.47,35.0,0.191,0.352
Kab. Bandung,Katapang,-6.926809,107.543974,False,139650,9749.8,6.37,6.69,11.16,79.9,61.0,2,5.54,31.6,0.271,0.323
Kab. Bandung,Dayeuhkolot,-7.030908,107.539345,False,61792,9823.0,15.0,3.9,2.66,76.7,76.8,8,2.85,28.3,0.166,0.334
Kab. Bandung,Banjaran,-7.011321,107.593961,False,277152,48121.4,9.37,4.22,3.06,72.7,73.7,19,2.57,28.3,0.173,0.454
Kab. Bandung,Pameungpeuk,-6.990889,107.556597,False,124214,3188.7,7.37,5.6,9.7,83.1,66.8,5,2.11,41.9,0.219,0.217
Kab. Bandung,Pangalengan,-6.962104,107.532319,False,208781,39948.2,9.71,0.51,7.64,86.6,83.2,9,2.1,32.5,0.153,0.174
Kab. Bandung,Arjasari,-7.013257,107.568618,False,236116,17972.8,13.13,1.81,2.03,78.2,83.3,0,1.37,33.8,0.126,0.417
Kab. Bandung,Cimaung,-6.987029,107.635628,False,83934,24757.1,10.83,8.34,1.3,75.2,67.2,4,0.57,30.9,0.172,0.245
Kab. Bandung,Ibun,-7.028052,107.592278,False,333654,38009.1,12.16,2.26,1.53,87.5,87.0,12,3.65,28.6,0.105,0.428
Kab. Bandung,Paseh,-6.965214,107.517432,False,143187,3332.3,5.8,3.76,2.27,66.5,73.1,3,4.67,19.5,0.28,0.183
Kab. Bandung,Kertasari,-6.962793,107.537284,False,75789,1434.6,8.0,5.58,2.38,71.7,70.9,0,9.74,40.4,0.176,0.178
Kab. Bandung,Pacet,-7.049592,107.661822,False,83019,9810.2,12.23,4.64,8.94,68.2,63.4,2,4.26,37.1,0.144,0.446
Kab. Bandung,Ciparay,-6.905499,107.639344,False,98797,2138.7,5.77,7.01,1.85,70.5,67.6,1,2.35,31.5,0.286,0.206
Kab. Bandung,Solokanjeruk,-7.011262,107.525628,False,256304,19240.0,5.86,15.0,0.2,86.7,63.8,4,10.1,28.0,0.193,0.313
Kab. Bandung,Majalaya,-6.950523,107.580424,False,146889,34487.8,7.62,3.91,0.57,84.5,82.9,16,0.17,34.8,0.221,0.161
Kab. Bandung,Rancaekek,-7.040474,107.589228,False,500000,8242.6,8.07,11.75,1.1,58.6,51.8,4,0.63,26.1,0.184,0.406
Kab. Bandung,Cicalengka,-7.054498,107.655491,False,80665,11191.9,9.1,1.36,3.86,77.6,81.8,9,2.35,37.7,0.15,0.466
Kab. Bandung,Nagreg,-7.018595,107.616004,False,99297,4202.8,5.71,2.45,1.04,63.8,76.5,0,4.4,27.1,0.073,0.308
Kab. Bandung,Cikancung,-7.010126,107.593211,False,247792,45872.1,11.53,5.23,11.1,63.5,57.1,18,2.63,35.6,0.182,0.363
Kab. Bandung,Baleendah,-6.972526,107.539577,False,137626,2259.1,5.79,0.38,2.83,76.3,84.9,8,3.98,40.9,0.126,0.244
Kab. Bandung,Soreang,-6.904866,107.634021,False,327689,4575.8,8.83,0.81,1.58,79.4,86.8,7,1.19,32.3,0.22,0.156
Kab. Bandung,Kutawaringin,-6.90968,107.653172,False,102534,8024.4,14.51,0.1,8.24,79.0,80.0,0,7.73,37.6,0.155,0.157
Kab. Bandung,Ciwidey,-6.964336,107.6575,False,120664,1771.2,11.35,11.67,3.18,63.9,51.8,0,7.46,44.2,0.184,0.329
Kab. Bandung,Rancabali,-7.045841,107.541357,False,166330,14120.9,15.0,0.2,0.2,56.4,79.6,2,2.82,35.6,0.197,0.427
Kab. Bandung,Pasirjambu,-7.052764,107.562053,False,60700,915.1,6.28,0.13,5.11,77.4,83.1,2,4.61,25.2,0.074,0.481
Kab. Bandung,Cangkuang,-6.997812,107.553416,False,500000,42990.7,8.88,0.1,7.25,73.6,78.8,16,4.92,38.4,0.203,0.181
Kota Bandung,Coblong,-6.857402,107.587081,True,90643,8120.2,13.73,2.34,1.8,81.4,83.8,0,3.06,29.0,0.284,0.301
Kota Bandung,Bandung Wetan,-6.94505,107.616831,True,322386,27493.3,10.0,10.51,3.03,87.3,65.3,8,0.34,41.4,0.246,0.292
Kota Bandung,Sumur Bandung,-6.967452,107.658352,True,71573,9604.0,8.91,0.57,5.9,80.2,82.4,0,3.5,30.8,0.14,0.192
Kota Bandung,Cicendo,-6.978072,107.687902,True,94653,8087.9,15.0,0.67,1.62,90.8,92.2,9,1.11,31.8,0.238,0.194
Kota Bandung,Andir,-6.866441,107.561795,True,74227,7343.3,9.41,3.97,4.96,80.3,75.4,0,1.5,35.5,0.188,0.306
Kota Bandung,Sukajadi,-6.989116,107.660474,True,322759,30510.2,8.14,0.39,0.56,89.7,93.7,9,4.14,35.8,0.257,0.241
Kota Bandung,Cidadap,-6.876903,107.646641,True,277678,19964.8,9.69,0.75,5.18,81.1,83.2,4,4.39,37.6,0.258,0.318
Kota Bandung,Lengkong,-6.866597,107.541847,True,212384,23843.8,9.61,0.24,0.86,57.8,79.4,13,0.33,27.9,0.231,0.196
Kota Bandung,Regol,-6.932645,107.548539,True,163546,17819.8,15.0,1.06,1.76,79.0,85.8,0,0.67,36.7,0.155,0.213
Kota Bandung,Astana Anyar,-6.851903,107.629728,True,93934,12210.4,12.94,1.83,0.58,94.0,92.2,3,0.86,20.7,0.123,0.205
Kota Bandung,Bojongloa Kaler,-6.937056,107.540169,True,389313,56403.6,8.31,2.07,0.34,93.9,91.8,16,0.65,30.4,0.142,0.241
Kota Bandung,Babakan Ciparay,-6.940243,107.582029,True,87190,22460.4,11.57,0.28,0.77,79.6,89.2,4,0.31,37.4,0.282,0.171
Kota Bandung,Bandung Kulon,-6.873263,107.632009,True,49553,3827.5,11.91,3.11,0.21,66.9,77.4,9,2.09,18.6,0.244,0.287
Kota Bandung,Kiaracondong,-6.848046,107.605554,True,285417,24859.3,6.67,0.1,1.56,76.8,87.4,3,1.26,35.0,0.119,0.335
Kota Bandung,Batununggal,-6.970865,107.644119,True,289255,33264.6,15.0,2.8,1.1,85.8,85.5,14,5.09,32.7,0.214,0.223
Kota Bandung,Antapani,-6.868274,107.619804,True,283583,21132.6,15.0,3.58,5.23,81.7,76.6,8,0.8,28.8,0.251,0.201
Kota Bandung,Arcamanik,-6.866645,107.609007,True,145249,39416.0,8.73,1.42,0.99,75.4,84.3,18,0.49,34.1,0.239,0.158
Kota Bandung,Cibiru,-6.906363,107.598407,True,186077,13098.0,7.93,2.4,5.14,93.5,84.9,0,1.16,27.9,0.268,0.24
Kota Bandung,Ujungberung,-6.985933,107.547263,True,129729,27139.3,11.29,1.26,0.57,87.0,90.4,4,0.21,36.4,0.227,0.194
Kota Bandung,Cinambo,-6.984971,107.631826,True,262565,19572.5,15.0,1.9,0.91,82.0,86.2,11,0.23,36.5,0.235,0.304
Kota Bandung,Mandalajati,-6.939703,107.611371,True,55345,5030.3,15.0,0.19,15.16,91.8,76.9,3,0.85,38.6,0.195,0.274
Kota Bandung,Gedebage,-6.844789,107.569887,True,98005,8844.3,13.8,0.47,16.59,87.7,72.6,0,2.97,45.0,0.191,0.329
Kota Bandung,Rancasari,-6.924339,107.650888,True,283199,34017.9,10.55,2.91,0.7,95.0,89.9,7,0.44,36.5,0.2,0.318
Kota Bandung,Buahbatu,-6.953392,107.542317,True,319843,24495.2,9.19,1.02,2.19,77.8,84.8,9,3.83,41.3,0.26,0.232
Kota Bandung,Bandung Kidul,-6.94364,107.555795,True,233121,22385.0,15.0,0.6,1.75,76.0,85.6,11,0.1,26.1,0.146,0.231
Kota Bandung,Margacinta,-6.841248,107.659299,True,175994,12419.0,13.64,3.06,0.51,91.5,88.2,0,0.89,37.7,0.265,0.196
Kota Bandung,Sukasari,-6.888655,107.669434,True,112399,10305.6,15.0,3.29,2.13,91.1,85.5,0,0.18,18.2,0.205,0.311
Kota Bandung,Cibeunying Kaler,-6.861412,107.559851,True,119918,11007.6,12.96,3.58,0.2,76.3,80.5,5,4.77,36.3,0.171,0.278
Kota Bandung,Cibeunying Kidul,-6.847191,107.616295,True,443676,35813.2,12.48,2.03,0.58,86.3,88.2,4,2.6,26.4,0.149,0.172
Kota Bandung,Panyileukan,-6.86081,107.673375,True,286486,36496.6,13.98,4.2,0.31,93.3,86.5,1,2.18,38.0,0.259,0.17
Kab. Bogor,Cibinong,-6.619119,106.727608,False,233039,19184.3,10.5,1.6,6.03,73.6,76.7,0,2.47,40.9,0.154,0.321
Kab. Bogor,Gunung Putri,-6.63353,106.778337,False,325454,73259.3,8.67,3.0,4.07,82.0,79.6,26,7.42,33.4,0.169,0.345
Kab. Bogor,Citeureup,-6.539118,106.847717,False,63005,5553.3,4.62,2.09,1.59,87.1,87.2,2,6.97,21.1,0.296,0.204
Kab. Bogor,Cileungsi,-6.668888,106.79172,False,50200,6712.2,7.54,5.82,1.34,62.4,67.4,0,2.6,29.9,0.108,0.291
Kab. Bogor,Jonggol,-6.603214,106.745537,False,132286,2263.9,6.13,4.16,7.62,74.8,69.1,7,9.97,18.8,0.19,0.17
Kab. Bogor,Cariu,-6.650822,106.764018,False,36255,2713.7,6.94,0.89,0.29,76.1,86.7,4,13.06,45.0,0.242,0.156
Kab. Bogor,Sukamakmur,-6.519134,106.761712,False,102240,14410.3,8.78,7.14,0.23,64.6,66.7,12,12.04,37.0,0.274,0.178
Kab. Bogor,Parung,-6.586994,106.822483,False,302340,32152.8,4.09,5.29,2.19,76.9,74.2,2,0.57,37.9,0.125,0.185
Kab. Bogor,Ciawi,-6.611819,106.865485,False,209220,18009.2,11.45,1.46,3.0,73.3,80.7,5,8.58,26.6,0.292,0.289
Kab. Bogor,Megamendung,-6.516008,106.750285,False,137392,9727.3,11.8,0.1,0.35,69.6,85.6,0,7.99,24.1,0.26,0.23
Kab. Bogor,Cisarua,-6.59044,106.758141,False,99784,4621.3,9.62,3.58,1.13,81.8,81.8,0,3.6,30.1,0.167,0.197
Kab. Bogor,Sukaraja,-6.624426,106.715902,False,78590,11751.9,5.91,1.34,5.48,73.5,78.0,2,1.37,39.8,0.196,0.26
Kab. Bogor,Dramaga,-6.57247,106.790429,False,47760,4626.1,11.3,2.75,3.05,83.7,82.2,4,0.35,24.0,0.226,0.201
Kab. Bogor,Ciomas,-6.661763,106.754583,False,101160,22668.4,4.98,0.25,0.43,61.7,81.6,7,8.23,45.0,0.29,0.184
Kab. Bogor,Tamansari,-6.524677,106.74833,False,65574,1334.6,9.97,10.74,2.94,76.6,60.0,3,0.56,21.7,0.293,0.153
Kab. Bogor,Kemang,-6.646817,106.788312,False,159516,26241.7,6.44,0.54,5.75,76.8,81.1,11,1.93,32.6,0.196,0.217
Kab. Bogor,Rancabungur,-6.512296,106.748729,False,370874,38621.8,9.81,3.66,9.39,63.4,63.0,22,1.03,39.5,0.19,0.264
Kab. Bogor,Tajurhalang,-6.562458,106.831859,False,147346,2723.4,8.11,7.12,6.67,69.3,60.7,0,17.06,24.3,0.187,0.233
Kab. Bogor,Bojonggede,-6.631978,106.826515,False,127683,23028.7,11.37,1.15,0.2,77.6,86.9,2,3.67,26.1,0.247,0.287
Kab. Bogor,Leuwiliang,-6.611155,106.811169,False,277629,20117.7,8.07,1.15,1.17,83.2,88.2,7,14.2,34.7,0.267,0.2
Kab. Bogor,Nanggung,-6.568635,106.795724,False,196745,31241.0,6.36,3.63,0.2,81.8,82.9,5,10.99,25.7,0.222,0.267
Kab. Bogor,Cigudeg,-6.655554,106.843648,False,451707,108939.0,6.96,4.28,1.7,81.8,79.4,40,2.87,18.0,0.174,0.247
Kab. Bogor,Tenjo,-6.618675,106.739843,False,500000,99677.6,5.57,1.51,0.69,89.4,90.7,29,4.0,28.6,0.163,0.178
Kab. Bogor,Jasinga,-6.663476,106.804543,False,118454,28553.1,11.33,0.34,8.06,77.2,78.8,5,1.68,42.5,0.143,0.171
Kab. Bogor,Parungpanjang,-6.56159,106.712654,False,229625,4543.9,14.61,0.5,3.06,71.2,82.0,0,5.39,29.8,0.237,0.282
Kab. Bogor,Rumpin,-6.588065,106.746239,False,287355,6076.5,4.14,5.52,8.38,61.4,58.9,5,25.0,24.9,0.29,0.296
Kab. Bogor,Gunung Sindur,-6.566772,106.737899,False,207697,26452.2,7.48,0.89,0.2,89.4,92.9,7,0.7,23.1,0.11,0.327
Kab. Bogor,Cibungbulang,-6.55945,106.771878,False,232608,15616.4,13.4,3.04,9.8,72.0,67.8,1,0.96,39.1,0.273,0.239
Kab. Bogor,Ciampea,-6.520123,106.732003,False,137718,2618.5,6.36,3.18,0.51,71.9,79.1,9,14.39,26.8,0.217,0.345
Kab. Bogor,Tenjolaya,-6.615429,106.728156,False,62893,8663.1,6.19,3.31,2.61,56.8,69.4,0,21.2,35.1,0.206,0.331
Kab. Bogor,Babakan Madang,-6.522049,106.850374,False,71135,1061.4,7.84,1.23,0.58,78.7,86.7,0,2.48,29.1,0.117,0.188
Kab. Bogor,Sukarata,-6.628729,106.815597,False,222375,3880.4,8.49,1.6,0.56,80.1,86.5,4,0.7,34.3,0.188,0.267
Kab. Bogor,Klapanunggal,-6.539244,106.798832,False,66810,6055.1,5.43,7.75,20.0,52.8,35.1,0,0.92,39.5,0.263,0.348
Kab. Bogor,Tanjungsari,-6.585256,106.748696,False,246385,20937.3,15.0,2.63,6.71,69.0,71.4,8,2.26,37.0,0.178,0.159
Kab. Bogor,Caringin,-6.655104,106.853555,False,139238,9608.3,6.63,1.99,5.66,63.2,71.6,0,3.19,26.6,0.26,0.271
Kab. Bogor,Cijeruk,-6.525933,106.811296,False,64582,1296.1,10.27,4.95,2.14,70.7,72.3,4,25.0,30.6,0.14,0.249
Kab. Bogor,Cigombong,-6.615755,106.765874,False,293240,7800.6,6.9,0.61,5.02,59.5,74.0,0,4.06,28.0,0.248,0.304
Kab. Bogor,Leuwisadeng,-6.553847,106.853538,False,103323,21396.5,5.27,4.18,5.63,78.6,73.3,10,3.36,41.6,0.2,0.211
Kab. Bogor,Pamijahan,-6.528066,106.83478,False,169531,12937.0,13.94,2.09,5.26,81.5,80.1,9,8.35,23.6,0.295,0.283
Kab. Bogor,Ciseeng,-6.567275,106.723462,False,85722,7106.1,9.69,3.64,1.02,89.2,85.1,6,14.38,35.9,0.182,0.206
Kota Bogor,Bogor Utara,-6.654139,106.863769,True,155333,2543.6,9.94,8.34,1.25,59.3,60.1,2,4.87,34.0,0.246,0.198
Kota Bogor,Bogor Selatan,-6.582971,106.721472,True,58227,1516.0,5.37,0.61,19.62,65.8,58.6,0,11.04,25.3,0.134,0.256
Kota Bogor,Bogor Timur,-6.663765,106.82616,True,119058,3415.4,10.32,3.93,4.54,59.0,66.5,0,2.36,20.1,0.158,0.276
Kota Bogor,Bogor Barat,-6.67919,106.745729,True,466138,50732.6,5.43,0.36,0.31,72.5,86.4,22,3.43,28.2,0.124,0.281
Kota Bogor,Bogor Tengah,-6.592203,106.830703,True,183237,13863.7,9.98,2.46,1.11,70.5,79.4,0,3.14,27.6,0.157,0.15
Kota Bogor,Tanah Sareal,-6.575686,106.755883,True,91149,1264.8,12.86,4.33,9.58,68.4,63.4,0,0.35,30.2,0.125,0.337
Kab. Bekasi,Cikarang Barat,-6.206051,106.95796,False,217137,32622.1,12.49,3.75,1.24,72.3,77.0,13,2.69,27.2,0.66,0.085
Kab. Bekasi,Cikarang Timur,-6.267936,107.039439,False,55249,918.2,6.74,1.64,5.55,79.5,79.9,0,3.52,35.8,0.634,0.141
Kab. Bekasi,Cikarang Utara,-6.216059,107.055876,False,129154,10035.5,9.0,1.84,5.44,74.8,77.5,0,3.09,38.0,0.691,0.106
Kab. Bekasi,Cikarang Selatan,-6.214782,107.010929,False,500000,7726.5,6.99,2.75,1.21,71.5,79.1,0,2.47,39.0,0.604,0.06
Kab. Bekasi,Cikarang Pusat,-6.305012,106.978835,False,25706,1048.6,8.19,1.92,13.69,82.4,70.4,0,0.32,26.7,0.519,0.195
Kab. Bekasi,Tambun Selatan,-6.277568,106.959038,False,171385,20926.2,8.64,0.1,2.0,62.3,80.3,5,0.1,31.7,0.562,0.093
Kab. Bekasi,Tambun Utara,-6.164318,106.982896,False,21845,5118.5,9.35,4.62,2.71,79.6,76.4,2,0.79,42.3,0.436,0.156
Kab. Bekasi,Tarumajaya,-6.177273,107.020982,False,194930,18045.1,5.5,5.05,2.86,79.5,75.1,10,1.31,32.5,0.593,0.106
Kab. Bekasi,Babelan,-6.19283,107.000422,False,76696,962.7,7.73,1.26,0.73,66.6,81.0,2,4.43,44.6,0.685,0.053
Kab. Bekasi,Muaragembong,-6.227695,106.998803,False,79612,3478.0,6.54,3.96,20.0,61.8,48.3,0,23.16,27.6,0.491,0.188
Kab. Bekasi,Cabangbungin,-6.288761,107.035592,False,147676,39406.7,6.45,1.71,3.8,68.4,76.9,11,1.36,36.0,0.496,0.088
Kab. Bekasi,Pebayuran,-6.275076,106.923891,False,53273,5080.1,12.72,0.67,5.35,63.1,75.1,4,5.84,37.8,0.56,0.174
Kab. Bekasi,Kedungwaringin,-6.216724,106.948338,False,72000,5278.9,8.16,0.46,10.62,59.1,67.2,7,0.48,32.1,0.431,0.191
Kab. Bekasi,Cibarusah,-6.169527,107.072629,False,96340,12088.6,5.43,2.08,2.5,65.9,76.6,4,3.81,30.0,0.639,0.077
Kab. Bekasi,Bojongmangu,-6.173622,106.979225,False,257352,82158.8,13.17,3.42,0.28,92.1,87.9,22,4.26,22.1,0.614,0.108
Kab. Bekasi,Sukatani,-6.317527,107.068531,False,101877,16652.7,8.53,6.61,14.58,74.4,54.4,0,0.94,30.2,0.521,0.167
Kab. Bekasi,Karangbahagia,-6.251491,107.074665,False,157853,28276.9,6.08,0.56,2.91,76.7,84.5,1,2.73,19.9,0.689,0.069
Kab. Bekasi,Setu,-6.165821,107.056482,False,60378,1192.8,7.51,4.22,5.21,52.4,62.0,3,5.82,38.7,0.526,0.122
Kab. Bekasi,Serang Baru,-6.272888,106.981616,False,63953,9273.9,8.54,0.53,2.53,63.5,79.1,5,1.71,22.5,0.513,0.104
Kab. Bekasi,Sukakarya,-6.183818,106.970708,False,36802,4758.7,7.91,0.61,6.0,92.7,87.7,4,11.13,29.5,0.416,0.153
Kab. Bekasi,Tambelang,-6.292881,107.009088,False,155548,10754.2,9.45,7.94,4.37,81.2,67.0,2,12.7,34.2,0.531,0.079
Kab. Bekasi,Sukawangi,-6.170215,107.031365,False,296605,35946.8,6.13,1.42,7.19,69.5,73.9,18,14.28,29.6,0.645,0.17
Kab. Bekasi,Karangsentosa,-6.22879,106.935548,False,114560,10760.5,11.82,3.5,13.1,69.7,61.6,0,2.09,26.3,0.546,0.095
Kota Bekasi,Bekasi Timur,-6.221599,107.068409,True,250112,24125.4,15.0,0.98,0.94,86.7,90.5,12,1.21,34.8,0.591,0.093
Kota Bekasi,Bekasi Barat,-6.297587,106.992933,True,81788,6902.4,10.7,1.64,3.5,79.0,82.2,1,12.17,21.5,0.471,0.16
Kota Bekasi,Bekasi Utara,-6.17962,107.028523,True,174119,43340.3,12.36,0.18,8.35,89.5,84.4,10,1.94,33.5,0.412,0.064
Kota Bekasi,Bekasi Selatan,-6.208477,107.022397,True,133924,20420.3,15.0,3.27,0.21,95.0,89.6,9,0.95,27.8,0.402,0.073
Kota Bekasi,Rawalumbu,-6.262481,106.956975,True,281543,53911.2,15.0,1.58,3.28,87.2,86.4,18,6.12,22.1,0.421,0.199
Kota Bekasi,Medan Satria,-6.190502,107.039618,True,206730,16983.4,8.12,0.88,10.33,85.6,78.5,6,0.76,28.7,0.487,0.072
Kota Bekasi,Bantar Gebang,-6.181268,107.056118,True,260484,34349.8,15.0,0.34,7.22,85.7,83.7,10,4.93,37.2,0.472,0.19
Kota Bekasi,Jatiasih,-6.238185,106.990243,True,209186,17013.1,7.51,2.32,9.86,61.2,64.6,5,0.81,25.4,0.556,0.105
Kota Bekasi,Jatisampurna,-6.192273,107.013994,True,148382,10148.0,12.6,2.2,1.78,81.7,84.3,15,0.95,37.4,0.662,0.109
Kota Bekasi,Mustika Jaya,-6.207685,107.037327,True,500000,41747.1,15.0,1.0,2.48,85.9,88.2,18,5.59,32.8,0.501,0.081
Kota Bekasi,Pondok Gede,-6.177599,106.964079,True,134923,19113.2,15.0,0.82,0.2,95.0,95.0,9,0.48,26.4,0.513,0.098
Kota Bekasi,Pondok Melati,-6.259907,106.925037,True,165110,20172.5,8.09,0.73,0.52,92.5,94.2,6,1.26,30.9,0.603,0.093
Kota Depok,Beji,-6.387475,106.745751,True,274697,46651.4,12.38,1.34,0.2,87.9,91.1,19,1.82,30.6,0.315,0.06
Kota Depok,Pancoran Mas,-6.405504,106.826823,True,193858,18033.8,9.93,2.49,1.64,83.7,84.6,8,8.4,13.6,0.238,0.111
Kota Depok,Cipayung,-6.434153,106.834533,True,219002,16643.8,12.39,4.09,2.77,86.0,80.4,5,5.45,20.9,0.387,0.107
Kota Depok,Sukmajaya,-6.47512,106.745976,True,388523,45566.7,9.73,2.35,1.97,95.0,89.7,12,0.4,30.7,0.333,0.088
Kota Depok,Cilodong,-6.348384,106.797631,True,388465,35724.4,15.0,0.88,7.34,95.0,86.5,10,0.1,24.2,0.225,0.059
Kota Depok,Cimanggis,-6.45967,106.823559,True,212508,14914.3,10.92,0.68,3.58,88.2,88.6,0,0.19,36.3,0.261,0.074
Kota Depok,Tapos,-6.356801,106.774531,True,156474,13360.4,10.01,2.48,0.8,80.5,84.3,5,1.02,33.1,0.235,0.164
Kota Depok,Sawangan,-6.380338,106.753656,True,229900,17565.2,7.2,2.44,1.75,84.5,85.0,2,1.34,35.8,0.203,0.134
Kota Depok,Bojongsari,-6.471731,106.825017,True,500000,54943.1,15.0,0.47,2.78,87.4,89.7,24,1.21,28.0,0.276,0.126
Kota Depok,Limo,-6.393498,106.841989,True,500000,37092.3,14.35,0.45,0.69,76.2,87.3,11,0.62,24.5,0.313,0.097
Kota Depok,Cinere,-6.363825,106.896136,True,144507,16923.9,14.99,0.45,1.33,86.0,91.0,0,1.18,34.1,0.259,0.16
Kab. Tasikmalaya,Singaparna,-7.347392,108.191673,False,89393,1124.9,3.1,5.29,6.26,38.6,51.9,0,5.62,24.4,0.181,0.558
Kab. Tasikmalaya,Sukarame,-7.30277,108.183333,False,122083,4319.7,3.9,3.49,17.0,44.4,45.4,0,25.0,33.4,0.065,0.769
Kab. Tasikmalaya,Ciawi,-7.359765,108.152553,False,104186,3827.3,9.44,0.42,0.62,40.8,71.6,3,0.37,29.2,0.102,0.665
Kab. Tasikmalaya,Cisayong,-7.425944,108.294024,False,73787,4810.2,8.92,5.83,7.34,48.9,53.8,2,5.03,29.8,0.104,0.538
Kab. Tasikmalaya,Manonjaya,-7.296243,108.251356,False,30775,1247.1,3.62,15.0,0.4,61.1,52.0,5,8.92,29.1,0.138,0.658
Kab. Tasikmalaya,Salopa,-7.364568,108.167727,False,37493,605.4,2.13,0.71,0.4,48.4,74.6,0,3.81,19.1,0.08,0.636
Kab. Tasikmalaya,Cikatomas,-7.40497,108.180039,False,27866,666.3,10.47,6.2,0.36,43.8,59.4,0,1.17,16.5,0.17,0.677
Kab. Tasikmalaya,Bantarkalong,-7.342124,108.254335,False,144087,6846.8,4.39,15.0,14.97,48.4,28.1,0,25.0,7.9,0.065,0.664
Kab. Tasikmalaya,Karangnunggal,-7.324368,108.184789,False,258805,13468.6,4.75,1.2,1.13,48.9,72.7,7,13.36,19.5,0.155,0.738
Kab. Tasikmalaya,Cibalong,-7.277222,108.258064,False,208727,3849.2,11.34,0.85,6.1,44.8,65.5,3,6.34,28.0,0.144,0.546
Kab. Tasikmalaya,Parungponteng,-7.341303,108.237875,False,48811,711.2,7.65,15.0,9.39,41.5,31.9,2,18.12,17.6,0.157,0.703
Kab. Tasikmalaya,Sodonghilir,-7.362864,108.179637,False,129164,2117.5,4.01,15.0,1.31,57.3,49.2,0,10.51,21.6,0.054,0.624
Kab. Tasikmalaya,Taraju,-7.373044,108.261255,False,14063,572.0,7.82,0.49,0.2,36.4,70.0,2,12.55,18.0,0.1,0.701
Kab. Tasikmalaya,Salawu,-7.427697,108.158572,False,37246,1269.5,4.68,7.63,9.08,44.8,45.5,8,1.44,23.2,0.082,0.677
Kab. Tasikmalaya,Puspahiang,-7.42264,108.146517,False,77126,1819.8,6.75,3.46,0.2,30.0,59.9,0,0.19,19.3,0.187,0.739
Kab. Tasikmalaya,Cipatujah,-7.293126,108.252585,False,56653,1360.4,6.02,2.61,1.6,63.5,75.3,1,12.68,5.0,0.188,0.794
Kab. Tasikmalaya,Cikalong,-7.354132,108.155653,False,155609,2924.7,2.66,2.29,3.91,59.2,71.3,0,0.1,13.3,0.052,0.687
Kab. Tasikmalaya,Pancatengah,-7.351341,108.215755,False,25016,1497.8,2.96,1.92,0.93,49.4,71.4,0,17.38,24.1,0.112,0.758
Kab. Tasikmalaya,Rajapolah,-7.402288,108.209416,False,39855,818.8,6.15,8.33,7.48,39.0,43.2,0,11.92,5.0,0.088,0.794
Kab. Tasikmalaya,Jamanis,-7.366239,108.238536,False,113467,1627.3,4.53,4.46,20.0,45.4,39.7,6,11.99,20.5,0.142,0.738
Kab. Tasikmalaya,Padakembang,-7.328385,108.147249,False,52009,1121.1,8.27,3.06,13.92,42.6,49.4,0,5.18,23.9,0.063,0.555
Kab. Tasikmalaya,Sukaratu,-7.370062,108.240138,False,64653,1367.8,4.01,15.0,2.54,45.1,42.1,0,25.0,9.9,0.164,0.507
Kab. Tasikmalaya,Leuwisari,-7.349498,108.277038,False,110729,4371.6,6.97,1.71,4.4,49.1,67.5,0,1.29,27.5,0.173,0.504
Kab. Tasikmalaya,Sariwangi,-7.324609,108.16607,False,87664,1519.3,4.28,3.39,20.0,54.9,46.6,0,16.89,31.3,0.149,0.61
Kab. Tasikmalaya,Sukaresik,-7.418709,108.242787,False,44215,1423.8,4.18,2.39,9.96,51.2,59.8,1,5.28,14.4,0.142,0.709
Kab. Tasikmalaya,Mangunreja,-7.425758,108.233724,False,47020,730.6,4.07,3.24,6.64,58.3,65.1,0,1.87,18.2,0.101,0.532
Kab. Tasikmalaya,Gunung Tanjung,-7.279563,108.232076,False,47299,2480.0,5.1,13.45,0.53,52.7,48.0,7,5.08,21.8,0.06,0.677
Kab. Tasikmalaya,Karangjaya,-7.367893,108.242926,False,82748,1983.4,3.74,7.01,1.16,65.0,66.0,0,6.66,33.7,0.128,0.723
Kab. Tasikmalaya,Tanjungjaya,-7.35668,108.227299,False,72199,1404.4,5.15,3.53,6.46,30.0,52.0,4,17.19,17.5,0.126,0.627
Kab. Tasikmalaya,Sukaraja,-7.279366,108.201776,False,73791,2312.5,4.66,15.0,1.11,47.5,45.0,0,12.32,27.9,0.11,0.508
Kab. Tasikmalaya,Bojongasih,-7.27621,108.284856,False,37275,720.3,7.0,0.89,1.39,65.5,80.6,3,15.94,22.4,0.1,0.793
Kab. Tasikmalaya,Culamega,-7.398673,108.151098,False,68430,1814.3,5.92,15.0,18.15,44.4,22.3,3,17.54,16.4,0.181,0.599
Kab. Tasikmalaya,Ciawi,-7.413876,108.142915,False,43896,1401.9,3.73,7.98,6.13,35.1,44.0,2,6.57,7.1,0.138,0.754
Kab. Tasikmalaya,Kadipaten,-7.414889,108.249281,False,140189,6241.7,15.0,3.27,3.45,66.0,72.5,0,1.47,16.9,0.116,0.505
Kab. Tasikmalaya,Jatiwaras,-7.41861,108.191036,False,64005,1049.1,6.17,1.06,4.96,69.0,77.3,1,0.74,16.9,0.061,0.653
Kab. Tasikmalaya,Karangmukti,-7.29482,108.143724,False,64076,1377.8,3.79,5.27,7.11,55.5,58.5,0,24.52,33.8,0.195,0.708
Kab. Tasikmalaya,Cigalontang,-7.299685,108.185097,False,44235,1059.2,10.52,0.18,4.02,38.7,66.9,0,24.75,25.7,0.061,0.557
Kab. Tasikmalaya,Bojonggambir,-7.411094,108.251478,False,45886,949.8,5.61,9.63,6.8,58.5,49.7,5,3.83,18.7,0.166,0.752
Kab. Tasikmalaya,Sukahening,-7.329369,108.280396,False,50727,767.3,5.58,5.12,12.55,44.9,47.2,4,1.79,23.0,0.143,0.693
Kota Tasikmalaya,Cihideung,-7.292389,108.268557,True,77274,2119.2,6.56,5.68,5.27,59.5,61.5,0,10.53,27.0,0.054,0.749
Kota Tasikmalaya,Cipedes,-7.364874,108.16839,True,62008,4581.7,9.88,1.03,2.44,75.3,83.4,0,2.17,37.6,0.168,0.578
Kota Tasikmalaya,Tawang,-7.289902,108.269094,True,124934,14846.9,12.1,2.92,3.06,62.5,72.3,7,3.27,24.8,0.156,0.564
Kota Tasikmalaya,Mangkubumi,-7.251519,108.206019,True,155962,11211.7,7.58,4.01,0.2,78.3,80.4,3,6.62,24.5,0.056,0.56
Kota Tasikmalaya,Indihiang,-7.350477,108.264226,True,75464,6935.2,8.89,3.29,13.97,71.8,62.0,0,1.68,33.3,0.077,0.601
Kota Tasikmalaya,Bungursari,-7.355471,108.288921,True,332543,22818.0,7.72,0.31,4.28,66.0,78.6,10,8.89,19.6,0.113,0.653
Kota Tasikmalaya,Purbaratu,-7.272654,108.208639,True,39460,593.1,8.73,3.42,2.93,76.1,77.4,0,1.63,30.3,0.122,0.581
Kota Tasikmalaya,Tamansari,-7.289861,108.260727,True,280386,36171.2,11.17,0.8,0.2,73.7,86.0,17,6.9,28.8,0.054,0.682
Kota Tasikmalaya,Kawalu,-7.3935,108.284408,True,75702,6669.4,10.45,6.2,3.59,79.4,71.4,0,3.36,32.9,0.109,0.59
Kota Tasikmalaya,Cibeureum,-7.32916,108.272233,True,247110,17811.4,8.1,5.53,2.48,83.3,76.1,0,3.06,38.3,0.18,0.724
Kab. Cirebon,Sumber,-6.738792,108.623284,False,58856,805.0,4.96,7.98,18.19,46.2,33.9,1,0.33,27.9,0.557,0.249
Kab. Cirebon,Plered,-6.727728,108.481734,False,84288,1532.7,4.29,1.61,1.48,63.6,77.9,1,1.19,30.4,0.339,0.289
Kab. Cirebon,Kedawung,-6.645139,108.494606,False,84820,1773.1,6.34,1.72,2.87,70.8,79.2,0,9.45,26.9,0.362,0.238
Kab. Cirebon,Weru,-6.73891,108.63201,False,126232,2161.0,7.37,2.59,5.8,76.0,75.7,0,5.73,19.5,0.32,0.315
Kab. Cirebon,Plumbon,-6.637903,108.57175,False,46187,2919.7,6.13,0.44,0.62,61.6,80.9,14,4.29,26.0,0.338,0.331
Kab. Cirebon,Depok,-6.688906,108.551751,False,268244,3681.3,7.26,1.28,2.29,49.7,71.4,0,4.44,34.3,0.559,0.243
Kab. Cirebon,Palimanan,-6.743086,108.532586,False,46561,657.8,7.3,3.11,13.1,62.3,59.2,3,6.64,30.2,0.523,0.274
Kab. Cirebon,Klangenan,-6.682397,108.60038,False,300244,8473.6,8.26,13.2,0.2,68.2,55.5,0,3.43,34.8,0.541,0.236
Kab. Cirebon,Arjawinangun,-6.663347,108.606339,False,79955,2090.0,10.9,0.91,15.34,77.3,68.4,0,7.97,39.0,0.536,0.242
Kab. Cirebon,Panguragan,-6.775407,108.559107,False,66083,2513.2,9.68,5.88,7.97,47.3,52.2,0,0.16,23.8,0.582,0.247
Kab. Cirebon,Ciwaringin,-6.780791,108.567925,False,69260,1841.3,5.9,13.59,20.0,54.2,24.4,0,1.63,37.2,0.439,0.307
Kab. Cirebon,Gempol,-6.719355,108.622033,False,138454,2501.0,10.62,11.61,0.36,66.7,56.7,0,5.78,28.5,0.546,0.261
Kab. Cirebon,Susukan,-6.733854,108.498731,False,79152,1006.5,10.18,1.48,16.61,50.7,53.5,0,21.14,15.5,0.354,0.244
Kab. Cirebon,Sedong,-6.767121,108.601842,False,117844,3261.5,4.95,0.77,13.19,55.2,61.5,2,0.93,7.7,0.59,0.301
Kab. Cirebon,Astanajapura,-6.691085,108.49618,False,75605,1089.3,8.5,3.54,7.45,67.9,67.8,0,11.61,32.5,0.543,0.157
Kab. Cirebon,Mundu,-6.776543,108.592155,False,186694,3863.5,9.15,8.21,2.79,50.1,54.3,0,19.65,26.4,0.44,0.279
Kab. Cirebon,Pangenan,-6.778358,108.611498,False,153174,2015.7,3.63,3.02,1.74,57.0,71.2,3,23.15,42.3,0.549,0.16
Kab. Cirebon,Kaliwedi,-6.677001,108.493016,False,159955,2747.2,9.52,13.1,2.26,65.0,51.4,0,10.11,32.1,0.556,0.26
Kab. Cirebon,Gebang,-6.776426,108.637862,False,95581,1858.5,7.87,8.81,10.86,48.2,42.0,0,1.15,25.0,0.359,0.213
Kab. Cirebon,Losari,-6.730117,108.539303,False,27487,386.1,2.33,6.71,10.16,51.9,49.6,3,5.87,23.1,0.385,0.256
Kab. Cirebon,Babakan,-6.659952,108.63156,False,105918,4771.8,6.45,4.56,1.6,44.0,61.9,3,1.26,25.8,0.316,0.182
Kab. Cirebon,Lemahabang,-6.63224,108.600541,False,75803,1070.8,7.54,3.08,7.41,58.6,64.7,0,4.41,20.8,0.544,0.177
Kab. Cirebon,Susukanlebak,-6.729798,108.49336,False,92454,1373.4,6.95,7.84,1.96,44.2,53.6,0,7.9,28.2,0.37,0.241
Kab. Cirebon,Waled,-6.665656,108.569345,False,125542,3770.2,4.57,1.37,12.18,47.9,58.1,0,1.77,16.5,0.455,0.303
Kab. Cirebon,Ciledug,-6.722124,108.625017,False,127110,2534.8,5.63,11.53,2.89,67.5,54.1,0,5.72,36.4,0.434,0.308
Kab. Cirebon,Karangsembung,-6.772208,108.55882,False,24526,455.1,5.13,11.31,1.58,56.1,51.1,0,11.49,36.6,0.486,0.173
Kab. Cirebon,Kapetakan,-6.788183,108.554986,False,154656,8530.8,4.34,15.0,3.5,52.6,44.3,0,3.31,25.5,0.347,0.237
Kab. Cirebon,Tengahtani,-6.780991,108.499011,False,135692,2533.5,10.54,3.17,0.71,63.0,74.9,4,4.39,41.2,0.419,0.299
Kab. Cirebon,Talun,-6.771196,108.583874,False,162349,9409.6,5.66,1.36,2.37,66.4,78.7,10,6.95,19.9,0.474,0.228
Kab. Cirebon,Beber,-6.670633,108.573339,False,59447,861.1,6.78,1.9,13.37,62.0,61.6,0,0.66,36.0,0.351,0.195
Kab. Cirebon,Greged,-6.636052,108.539979,False,108954,1581.3,8.68,10.2,9.84,64.1,47.1,4,0.7,31.0,0.473,0.235
Kab. Cirebon,Jamblang,-6.744286,108.618976,False,153823,3579.1,15.0,13.91,7.16,57.6,42.0,0,0.91,34.0,0.454,0.184
Kab. Cirebon,Dukupuntang,-6.754225,108.634116,False,201030,3714.2,5.36,2.29,5.11,58.2,69.3,4,3.55,36.4,0.499,0.321
Kab. Cirebon,Gunungjati,-6.788055,108.635181,False,369583,6595.6,4.7,0.61,2.32,82.1,87.6,0,0.3,32.8,0.377,0.248
Kab. Cirebon,Suranenggala,-6.783094,108.622583,False,50414,1043.7,9.17,8.52,13.47,70.0,49.2,1,1.99,19.3,0.593,0.217
Kab. Cirebon,Gunung Jati,-6.705568,108.638874,False,65364,1138.9,2.21,8.41,13.02,44.0,38.4,0,0.59,27.2,0.479,0.168
Kab. Cirebon,Karangwareng,-6.778193,108.568617,False,259798,5422.9,9.53,13.64,2.29,73.3,55.1,8,0.19,34.2,0.482,0.168
Kab. Cirebon,Gegesik,-6.634912,108.563696,False,88461,2296.5,6.31,5.87,1.96,68.0,69.0,0,3.91,27.3,0.588,0.293
Kab. Cirebon,Panggangsari,-6.689296,108.59132,False,77410,2789.9,2.83,11.24,1.3,59.5,53.2,3,9.77,27.7,0.536,0.291
Kab. Cirebon,Pabuaran,-6.717273,108.580409,False,54595,1123.9,5.16,3.37,12.82,59.5,57.7,0,1.56,34.8,0.477,0.24
Kota Cirebon,Harjamukti,-6.71651,108.614185,True,209586,4016.4,6.02,2.22,1.1,67.3,78.6,0,4.65,32.3,0.558,0.341
Kota Cirebon,Kesambi,-6.802729,108.514954,True,167959,21632.6,8.22,0.79,6.34,82.2,82.2,5,4.39,30.1,0.45,0.336
Kota Cirebon,Lemahwungkuk,-6.657934,108.612442,True,66376,1772.9,8.66,3.19,5.4,77.1,75.3,0,14.74,32.0,0.475,0.258
Kota Cirebon,Pekalipan,-6.737095,108.569221,True,132168,11566.2,13.57,6.7,6.16,71.1,63.2,3,10.96,25.7,0.436,0.192
Kota Cirebon,Kejaksan,-6.765619,108.500099,True,127728,16513.2,7.86,0.34,7.33,88.4,84.8,4,2.12,24.5,0.301,0.198
Kab. Sukabumi,Palabuhanratu,-6.925808,106.906536,False,105613,1719.7,4.73,3.03,18.3,56.9,50.5,1,3.12,20.5,0.202,0.576
Kab. Sukabumi,Cikakak,-6.906615,106.862438,False,120079,1557.9,4.33,8.31,0.99,58.4,60.1,0,3.59,20.8,0.19,0.696
Kab. Sukabumi,Cisolok,-6.844097,107.007794,False,82075,1376.5,4.48,0.29,20.0,51.9,52.6,4,5.33,23.5,0.17,0.59
Kab. Sukabumi,Cicurug,-6.888294,106.935775,False,34420,882.8,2.0,8.2,9.25,37.2,40.5,4,11.49,19.1,0.127,0.51
Kab. Sukabumi,Cidahu,-6.950476,106.980207,False,141669,7222.3,3.82,15.0,3.28,37.9,37.9,0,13.83,10.7,0.255,0.614
Kab. Sukabumi,Parungkuda,-6.890443,106.876019,False,76056,1301.1,4.29,10.86,4.66,47.4,44.4,4,20.98,29.7,0.252,0.53
Kab. Sukabumi,Cibadak,-6.854252,106.981606,False,143943,9192.6,2.75,2.91,3.6,52.1,67.0,0,1.21,29.5,0.214,0.551
Kab. Sukabumi,Nagrak,-6.848032,106.966115,False,79100,1101.8,7.35,2.69,6.05,59.4,67.7,3,25.0,24.0,0.146,0.502
Kab. Sukabumi,Cisaat,-6.901854,106.916919,False,74951,3092.2,4.13,4.4,5.71,51.1,60.3,4,2.73,18.6,0.126,0.562
Kab. Sukabumi,Sukabumi,-6.850763,106.98857,False,19661,422.0,3.47,1.1,20.0,41.7,46.1,0,25.0,25.7,0.123,0.697
Kab. Sukabumi,Sukaraja,-6.992765,106.854219,False,21062,337.6,7.14,7.05,7.55,49.7,51.0,0,2.28,27.1,0.162,0.526
Kab. Sukabumi,Kadudampit,-6.939766,106.979689,False,93293,2172.4,7.64,3.41,4.5,46.5,62.1,0,5.29,30.9,0.14,0.618
Kab. Sukabumi,Gunungguruh,-6.842036,106.874067,False,40250,607.2,3.54,10.85,8.53,56.4,43.7,0,0.99,25.8,0.113,0.672
Kab. Sukabumi,Kebonpedes,-6.904939,106.910943,False,88912,1256.9,6.23,3.63,5.27,55.7,64.7,7,25.0,18.5,0.292,0.549
Kab. Sukabumi,Cireunghas,-6.844814,106.984739,False,26240,496.6,4.47,4.27,2.97,48.3,62.8,0,14.53,26.5,0.19,0.504
Kab. Sukabumi,Jampangtengah,-6.865867,106.924991,False,162731,2723.7,6.84,6.17,20.0,54.2,39.6,0,7.09,7.0,0.228,0.583
Kab. Sukabumi,Jampangkulon,-6.933629,106.893745,False,54060,2227.6,3.09,2.88,0.49,46.9,68.6,1,8.44,17.7,0.154,0.541
Kab. Sukabumi,Ciemas,-6.99098,106.988356,False,43364,2603.8,4.93,1.37,4.19,48.9,68.5,4,11.08,35.0,0.231,0.583
Kab. Sukabumi,Tegalbuleud,-6.869936,107.009955,False,30053,1528.6,8.84,0.82,0.57,55.6,77.3,0,10.88,13.0,0.136,0.638
Kab. Sukabumi,Sagaranten,-6.840538,106.938869,False,124247,2285.0,3.16,8.68,20.0,40.4,27.3,6,11.94,8.9,0.213,0.672
Kab. Sukabumi,Pabuaran,-6.876962,107.001163,False,194983,8078.6,4.16,4.9,3.76,46.3,59.4,5,2.69,18.4,0.123,0.657
Kab. Sukabumi,Purabaya,-6.864056,106.889576,False,66008,849.9,4.29,3.11,8.28,44.6,57.3,0,6.22,19.0,0.235,0.523
Kab. Sukabumi,Warungkiara,-6.927913,106.870666,False,32689,1979.0,4.35,0.25,20.0,50.6,52.2,0,13.41,26.6,0.239,0.588
Kab. Sukabumi,Bantargadung,-6.847352,106.946988,False,24840,337.9,4.88,1.64,0.44,62.9,78.8,0,0.89,23.8,0.289,0.528
Kab. Sukabumi,Lengkong,-6.963417,106.957472,False,53658,737.6,5.09,3.01,5.44,40.9,59.4,2,15.19,19.4,0.229,0.576
Kab. Sukabumi,Nyalindung,-6.901099,106.907306,False,27374,737.4,2.96,7.24,5.9,53.1,54.1,0,2.16,10.3,0.291,0.566
Kab. Sukabumi,Gegerbitung,-6.981831,106.957452,False,75097,1495.6,3.29,4.31,20.0,49.9,42.1,13,4.9,21.2,0.292,0.68
Kab. Sukabumi,Surade,-6.916751,106.973571,False,64425,1859.2,9.2,8.68,2.28,54.7,55.9,3,13.28,17.0,0.154,0.661
Kab. Sukabumi,Cikidang,-6.916774,106.986349,False,28193,362.3,3.43,13.61,0.92,46.5,44.8,0,25.0,25.1,0.299,0.551
Kab. Sukabumi,Waluran,-6.911695,106.93975,False,120564,5013.5,2.55,7.97,3.56,55.6,56.4,7,8.32,21.5,0.187,0.604
Kab. Sukabumi,Simpenan,-6.859735,106.914557,False,57207,1391.4,13.03,2.75,15.14,44.3,49.4,12,8.86,5.0,0.159,0.503
Kab. Sukabumi,Ciracap,-6.978558,106.854605,False,96053,1846.8,8.65,0.1,2.76,49.7,73.7,4,6.74,32.0,0.144,0.556
Kab. Sukabumi,Curugkembar,-6.879178,106.94925,False,53077,3021.8,3.24,0.45,1.71,45.0,72.0,5,1.77,5.0,0.189,0.534
Kab. Sukabumi,Kalapanunggal,-6.887347,106.884074,False,26252,338.0,5.69,5.38,2.94,34.5,53.9,0,15.85,13.3,0.275,0.641
Kab. Sukabumi,Kabandungan,-6.978181,106.852327,False,91428,1277.9,11.95,12.41,18.1,45.0,22.8,0,12.23,23.5,0.117,0.63
Kab. Sukabumi,Cimanggu,-6.943906,106.944387,False,45945,689.6,5.21,4.88,3.7,43.5,58.2,0,25.0,18.5,0.231,0.691
Kab. Sukabumi,Cicantayan,-6.937241,106.919996,False,56136,712.7,3.05,2.46,3.46,44.0,64.6,0,1.45,23.7,0.101,0.55
Kab. Sukabumi,Caringin,-6.855335,106.905721,False,76613,1944.7,7.87,1.19,13.04,51.8,59.2,0,6.9,16.9,0.286,0.686
Kab. Sukabumi,Cidolog,-6.917762,106.975384,False,89159,2222.0,3.65,0.92,0.65,39.6,69.8,0,5.17,15.0,0.244,0.653
Kab. Sukabumi,Kalibunder,-6.936553,106.949534,False,339109,4758.6,4.69,15.0,1.79,51.1,45.8,1,4.53,19.6,0.118,0.603
Kab. Sukabumi,Cikembar,-6.862022,107.001923,False,164171,2537.7,5.26,0.47,20.0,66.2,58.6,0,1.54,32.9,0.146,0.536
Kab. Sukabumi,Bojonggenteng,-6.976468,106.998254,False,137158,1877.6,4.91,1.84,16.4,52.5,53.7,1,2.87,13.0,0.262,0.527
Kab. Sukabumi,Parakansalak,-6.921261,106.891319,False,51217,1063.1,6.82,0.1,6.72,41.9,65.2,0,9.88,19.5,0.194,0.688
Kab. Sukabumi,Ciambar,-6.926538,107.006805,False,225229,3634.1,4.91,9.39,20.0,49.8,29.9,1,7.59,23.5,0.137,0.696
Kab. Sukabumi,Cidadap,-6.921181,106.9026,False,55884,1458.5,4.09,2.1,2.77,53.7,70.7,0,21.75,22.8,0.299,0.611
Kab. Sukabumi,Sirnaresmi,-6.898656,106.888423,False,43702,565.8,4.34,2.89,3.94,43.7,62.8,15,25.0,18.4,0.134,0.563
Kab. Sukabumi,Cibitung,-6.987862,106.870621,False,39425,2474.9,6.33,8.68,1.74,44.4,52.0,7,3.81,16.4,0.185,0.562
Kota Sukabumi,Gunungpuyuh,-6.979513,106.874304,True,199620,42344.5,12.59,1.27,3.17,80.6,84.3,6,10.44,32.8,0.156,0.694
Kota Sukabumi,Cikole,-6.977788,106.95254,True,224051,18374.9,15.0,3.52,0.76,82.0,82.5,6,2.68,28.8,0.131,0.647
Kota Sukabumi,Citamiang,-6.970899,106.905307,True,96580,10911.2,10.63,2.57,0.39,66.6,78.3,0,0.21,15.2,0.1,0.619
Kota Sukabumi,Warudoyong,-6.856514,106.925834,True,42061,2180.4,4.04,0.18,1.87,52.4,75.8,0,3.99,35.2,0.283,0.558
Kota Sukabumi,Baros,-6.893191,106.877571,True,133732,9304.9,7.97,12.59,16.28,67.2,34.9,0,5.28,35.0,0.137,0.63
Kota Sukabumi,Lembursitu,-6.969234,106.856539,True,114352,3317.3,9.88,0.88,2.92,65.7,78.8,3,3.54,37.3,0.243,0.638
Kota Sukabumi,Cibeureum,-6.97297,106.894574,True,269347,4418.4,7.76,13.22,0.89,63.6,52.5,0,10.64,18.7,0.164,0.55
Kab. Garut,Garut Kota,-7.271678,107.834192,False,50174,1467.4,3.43,15.0,4.52,45.8,40.0,5,0.51,21.1,0.193,0.777
Kab. Garut,Karangpawitan,-7.280698,107.893725,False,100378,1331.3,3.74,10.49,3.79,36.6,41.6,5,11.09,19.0,0.119,0.754
Kab. Garut,Wanaraja,-7.266987,107.878283,False,53906,1172.7,6.52,1.07,20.0,52.2,50.9,7,16.11,21.6,0.118,0.627
Kab. Garut,Tarogong Kaler,-7.219453,107.930463,False,62177,1146.6,4.84,15.0,19.77,55.4,25.2,0,19.31,18.4,0.074,0.628
Kab. Garut,Tarogong Kidul,-7.29371,107.947906,False,37433,514.5,5.71,0.49,3.58,51.5,72.5,2,22.82,23.1,0.131,0.507
Kab. Garut,Banyuresmi,-7.199536,107.833081,False,246157,4426.4,3.11,2.48,8.58,41.8,57.1,4,3.63,16.6,0.117,0.734
Kab. Garut,Samarang,-7.160227,107.96734,False,28724,467.8,6.26,6.61,15.76,40.8,37.8,0,0.47,19.8,0.152,0.691
Kab. Garut,Bayongbong,-7.290228,107.8643,False,86765,1777.6,9.92,2.93,1.11,48.8,68.5,0,10.99,10.9,0.186,0.505
Kab. Garut,Cigedug,-7.171008,107.939722,False,36822,778.7,6.68,2.56,9.49,39.2,54.6,8,2.17,17.0,0.134,0.736
Kab. Garut,Cilawu,-7.270477,107.853496,False,74224,4005.3,3.34,6.38,10.64,55.4,51.3,2,10.99,17.9,0.131,0.597
Kab. Garut,Kadungora,-7.240724,107.897524,False,50198,1523.4,5.64,1.42,5.07,49.0,67.3,3,3.86,5.2,0.07,0.766
Kab. Garut,Leles,-7.201079,107.879026,False,42946,1986.2,8.69,10.12,1.61,62.6,56.9,0,3.44,22.5,0.121,0.763
Kab. Garut,Leuwigoong,-7.225994,107.939595,False,96887,2739.4,4.11,0.18,10.28,38.8,59.2,0,0.23,22.8,0.138,0.702
Kab. Garut,Cibatu,-7.294131,107.86039,False,67495,910.3,8.29,2.33,0.45,42.1,67.8,0,4.9,19.5,0.171,0.698
Kab. Garut,Kersamanah,-7.185864,107.963233,False,60572,1506.9,11.09,3.32,0.73,52.6,69.8,0,0.96,25.5,0.11,0.654
Kab. Garut,Selaawi,-7.218132,107.905138,False,95456,1636.9,3.91,1.02,2.91,51.2,71.9,0,12.9,30.6,0.17,0.612
Kab. Garut,Malangbong,-7.282852,107.891586,False,42327,1937.3,9.15,0.77,2.78,53.8,73.9,0,0.46,36.5,0.108,0.529
Kab. Garut,Cibalong,-7.214781,107.858795,False,56946,1482.8,5.99,15.0,1.4,55.7,48.3,0,1.32,13.4,0.187,0.527
Kab. Garut,Pameungpeuk,-7.256921,107.880365,False,14518,324.4,6.01,12.67,6.13,68.7,48.2,0,5.82,26.5,0.147,0.624
Kab. Garut,Cisewu,-7.296789,107.871533,False,25357,1377.9,2.71,5.4,1.98,36.9,56.2,3,7.95,20.6,0.111,0.704
Kab. Garut,Caringin,-7.266168,107.8724,False,154523,2198.9,4.96,8.8,3.3,41.2,48.3,3,16.19,21.7,0.06,0.678
Kab. Garut,Bungbulang,-7.280838,107.962484,False,47213,653.8,11.08,15.0,12.15,53.4,33.8,0,12.93,11.1,0.166,0.748
Kab. Garut,Mekarmukti,-7.205025,107.928656,False,105752,3092.7,9.08,0.36,2.69,47.7,72.3,0,25.0,19.7,0.076,0.769
Kab. Garut,Pakenjeng,-7.173733,107.899751,False,122933,3461.4,6.46,4.49,2.38,47.2,62.5,0,1.77,5.0,0.148,0.765
Kab. Garut,Pamulihan,-7.286093,107.905937,False,177501,6350.9,4.01,3.51,3.44,52.8,66.0,0,9.23,20.1,0.123,0.663
Kab. Garut,Cisompet,-7.206105,107.93927,False,45660,2431.9,3.33,15.0,4.54,37.0,36.0,3,1.17,11.0,0.188,0.77
Kab. Garut,Peundeuy,-7.230934,107.840413,False,19896,287.1,4.86,15.0,7.81,43.2,34.7,4,22.6,15.9,0.117,0.582
Kab. Garut,Singajaya,-7.254596,107.878093,False,21822,1342.4,2.86,10.59,15.82,36.8,26.4,0,0.44,25.8,0.109,0.616
Kab. Garut,Cihurip,-7.196653,107.911325,False,49957,1210.2,2.0,13.59,4.18,30.0,33.3,0,0.33,14.8,0.093,0.581
Kab. Garut,Sukaresmi,-7.243025,107.977842,False,63956,1416.0,5.29,10.35,20.0,61.0,32.6,1,25.0,7.8,0.179,0.521
Kab. Garut,Banjarwangi,-7.203076,107.857956,False,267304,7578.6,6.52,9.58,14.12,61.2,41.9,0,3.73,24.7,0.152,0.552
Kab. Garut,Limbangan,-7.283715,107.844457,False,79383,1012.0,10.5,3.1,0.42,66.4,76.9,0,0.6,17.0,0.102,0.518
Kab. Garut,Cikajang,-7.260647,107.845709,False,49394,1531.0,5.03,4.31,12.78,37.1,45.4,7,25.0,33.3,0.09,0.731
Kab. Garut,Cisurupan,-7.270149,107.865615,False,98275,2019.3,3.35,3.26,9.53,47.9,56.8,4,2.98,8.2,0.183,0.566
Kab. Garut,Pasirwangi,-7.27226,107.963482,False,112694,1438.9,2.9,5.4,2.01,41.6,58.3,1,11.85,40.2,0.12,0.641
Kab. Garut,Sukawening,-7.287163,107.903922,False,113658,2538.7,7.58,2.09,10.78,42.0,55.4,0,0.6,18.4,0.181,0.729
Kab. Garut,Cikelet,-7.234337,107.977181,False,50096,1679.1,4.7,15.0,10.93,47.4,32.7,1,12.92,16.3,0.127,0.701
Kab. Garut,Blubur Limbangan,-7.282074,107.883657,False,163004,3559.2,4.62,15.0,5.02,53.8,42.9,6,2.1,10.1,0.177,0.503
Kab. Garut,Cibiuk,-7.144885,107.958481,False,76526,3842.8,4.66,5.44,11.53,43.3,47.0,0,20.69,21.8,0.11,0.772
Kab. Garut,Pangatikan,-7.169268,107.861264,False,42150,1745.2,3.94,1.98,5.19,45.7,64.3,7,25.0,5.2,0.161,0.663
Kab. Garut,Sucinaraja,-7.272658,107.926983,False,87985,3583.6,9.51,0.1,0.33,48.4,76.1,7,2.43,23.4,0.129,0.604
Kab. Garut,Karangtengah,-7.1513,107.909082,False,34391,584.7,10.75,15.0,2.19,61.2,49.8,8,0.44,28.2,0.128,0.697
Kab. Ciamis,Ciamis,-7.318542,108.314797,False,88174,2602.3,4.41,5.59,1.49,50.1,62.3,2,7.61,11.1,0.113,0.614
Kab. Ciamis,Cikoneng,-7.286881,108.299927,False,79700,4185.3,6.61,8.66,7.85,56.2,49.7,4,25.0,32.1,0.179,0.446
Kab. Ciamis,Cijeungjing,-7.358211,108.33807,False,29895,386.9,4.4,15.0,7.85,51.0,38.1,7,6.89,13.6,0.118,0.522
Kab. Ciamis,Sadananya,-7.328782,108.308786,False,67113,1134.2,2.74,2.74,8.82,47.1,58.6,2,6.7,18.8,0.153,0.475
Kab. Ciamis,Cidolog,-7.391626,108.367699,False,92541,2062.1,3.58,12.31,8.5,37.8,31.8,0,6.63,7.4,0.146,0.663
Kab. Ciamis,Rancah,-7.363819,108.362998,False,48069,1865.1,5.11,3.26,5.39,46.8,61.5,0,11.39,20.0,0.113,0.673
Kab. Ciamis,Rajadesa,-7.385302,108.346982,False,84705,2756.6,5.94,13.63,0.79,56.1,49.3,2,0.41,23.9,0.199,0.432
Kab. Ciamis,Sukadana,-7.324786,108.278292,False,81881,2569.2,6.83,8.79,14.25,53.2,40.0,0,5.69,14.0,0.085,0.685
Kab. Ciamis,Tambaksari,-7.356143,108.291506,False,41974,756.9,5.44,1.21,10.58,38.4,56.2,0,13.65,21.9,0.194,0.429
Kab. Ciamis,Cisaga,-7.39986,108.428394,False,111490,1506.4,4.77,4.47,7.6,51.1,57.8,5,25.0,25.6,0.052,0.448
Kab. Ciamis,Panawangan,-7.358423,108.39958,False,80297,1022.6,7.48,0.25,2.96,50.4,73.4,0,5.04,27.6,0.199,0.454
Kab. Ciamis,Kawali,-7.369257,108.37904,False,69702,1129.9,3.42,5.08,15.58,47.0,44.5,8,6.83,21.6,0.125,0.655
Kab. Ciamis,Panjalu,-7.288364,108.365302,False,137918,5392.6,7.72,15.0,11.44,61.3,38.3,7,4.67,28.3,0.053,0.581
Kab. Ciamis,Jatinagara,-7.334548,108.335895,False,67658,4285.8,9.92,15.0,6.28,45.5,37.6,0,6.28,12.2,0.092,0.659
Kab. Ciamis,Cipaku,-7.354181,108.418725,False,78803,2638.7,4.14,2.66,7.21,46.0,60.3,3,24.45,21.3,0.093,0.606
Kab. Ciamis,Pamarican,-7.277101,108.424404,False,45997,656.0,3.51,5.31,7.55,48.1,54.5,0,10.18,16.1,0.151,0.466
Kab. Ciamis,Banjaranyar,-7.390112,108.386939,False,66121,3913.4,3.93,5.99,20.0,43.7,35.3,7,8.2,23.7,0.055,0.523
Kab. Ciamis,Lakbok,-7.259866,108.298997,False,40727,1205.8,5.93,8.62,20.0,53.3,33.3,5,1.22,21.3,0.093,0.643
Kab. Ciamis,Mangunjaya,-7.399361,108.388579,False,28358,442.9,2.66,1.44,9.56,59.8,66.5,0,4.97,14.8,0.17,0.537
Kab. Ciamis,Purwadadi,-7.318084,108.404693,False,83090,2174.4,7.47,5.79,7.07,80.2,68.3,3,7.46,21.7,0.141,0.581
Kab. Ciamis,Baregbeg,-7.387636,108.397243,False,94741,2473.2,3.02,2.5,5.81,44.3,61.7,0,1.67,16.2,0.174,0.528
Kab. Ciamis,Sindangkasih,-7.37774,108.296185,False,46009,616.0,4.3,1.4,13.39,66.9,65.0,0,25.0,34.5,0.091,0.48
Kab. Ciamis,Cihaurbeuti,-7.383717,108.400332,False,22583,1288.2,4.68,4.17,3.01,38.1,58.4,0,4.08,23.6,0.13,0.535
Kab. Ciamis,Panumbangan,-7.303568,108.35369,False,62489,1873.1,4.2,6.0,4.02,30.0,49.1,9,1.05,32.2,0.116,0.427
Kab. Ciamis,Sukamantri,-7.352587,108.410352,False,31446,596.6,13.18,7.86,0.28,55.6,60.8,5,0.21,16.2,0.158,0.464
Kab. Ciamis,Lumbung,-7.347209,108.400656,False,41093,1082.9,7.68,4.23,3.47,62.9,68.8,0,15.56,8.7,0.08,0.524
Kab. Ciamis,Banjarsari,-7.339738,108.330311,False,180641,3930.2,4.98,3.96,0.69,57.5,70.5,0,0.54,24.6,0.084,0.575
Kab. Ciamis,Padaherang,-7.335971,108.31822,False,84493,3118.0,3.06,15.0,6.21,38.5,34.6,0,1.67,23.2,0.106,0.535
Kab. Kuningan,Kuningan,-6.930382,108.480435,False,49656,2530.2,5.91,4.54,4.95,52.1,61.3,2,2.82,25.0,0.207,0.191
Kab. Kuningan,Cigugur,-7.012846,108.543932,False,56066,1347.4,6.08,0.57,1.05,40.0,70.3,1,0.71,24.0,0.073,0.564
Kab. Kuningan,Kadugede,-6.988577,108.486968,False,56230,935.8,8.38,1.32,5.54,58.6,71.3,6,4.49,34.6,0.187,0.232
Kab. Kuningan,Luragung,-6.904964,108.499878,False,41653,579.1,6.69,9.03,0.51,45.1,53.0,4,3.95,26.7,0.107,0.25
Kab. Kuningan,Lebakwangi,-7.031296,108.550373,False,47663,2732.6,2.7,0.24,0.46,51.6,77.1,5,25.0,13.4,0.133,0.468
Kab. Kuningan,Garawangi,-6.949567,108.453585,False,86274,4650.6,2.0,12.93,1.16,44.0,43.4,3,1.99,9.3,0.241,0.185
Kab. Kuningan,Ciawigebang,-7.027716,108.527044,False,51550,1483.2,3.99,10.86,2.3,51.0,49.0,0,4.89,36.0,0.088,0.543
Kab. Kuningan,Cilimus,-6.950788,108.485354,False,123326,1758.1,6.67,3.85,0.37,63.4,73.8,0,2.95,19.5,0.289,0.177
Kab. Kuningan,Jalaksana,-6.906977,108.526176,False,33917,553.1,3.15,5.69,3.5,37.1,53.7,5,7.51,29.9,0.2,0.193
Kab. Kuningan,Kramatmulya,-7.025732,108.449876,False,56985,774.0,3.64,2.31,0.89,47.4,69.7,0,3.14,16.0,0.059,0.398
Kab. Kuningan,Darma,-7.010242,108.519031,False,179605,3098.5,2.87,8.89,20.0,51.4,31.8,3,10.15,26.6,0.072,0.513
Kab. Kuningan,Mandirancan,-7.044635,108.491182,False,164831,6370.1,5.35,15.0,18.71,56.8,27.2,0,5.15,13.0,0.13,0.343
Kab. Kuningan,Pancalang,-6.928007,108.540283,False,104124,5863.7,5.91,2.07,7.91,59.6,67.0,0,4.0,5.0,0.102,0.312
Kab. Kuningan,Pasawahan,-6.995267,108.531401,False,23226,378.1,6.66,4.24,5.9,40.0,55.4,0,1.06,27.6,0.135,0.271
Kab. Kuningan,Cipicung,-7.032299,108.535432,False,74876,1557.4,3.84,2.37,20.0,60.5,51.6,2,9.62,13.2,0.101,0.476
Kab. Kuningan,Nusaherang,-7.029602,108.463566,False,120195,2670.3,7.46,0.39,5.82,49.4,69.0,0,3.28,10.9,0.097,0.326
Kab. Kuningan,Selajambe,-6.922433,108.423987,False,150373,2117.6,8.55,4.69,2.2,61.1,68.5,0,1.98,21.4,0.145,0.188
Kab. Kuningan,Subang,-7.01332,108.51556,False,43829,1170.4,6.04,2.93,17.11,52.2,50.1,0,0.23,19.0,0.114,0.497
Kab. Kuningan,Ciwaru,-6.934794,108.502584,False,116911,2268.6,7.21,0.72,0.2,69.9,84.5,6,2.53,21.9,0.153,0.152
Kab. Kuningan,Karangkancana,-6.938968,108.486836,False,18846,736.3,5.78,15.0,3.6,49.4,42.7,0,2.73,25.1,0.204,0.271
Kab. Kuningan,Cibingbin,-7.009712,108.455311,False,48386,2908.3,10.11,7.06,20.0,54.7,37.7,8,0.68,15.9,0.194,0.477
Kab. Kuningan,Cimahi,-7.020944,108.545352,False,73088,2414.3,6.91,5.19,1.05,65.6,70.7,8,1.24,12.8,0.121,0.472
Kab. Kuningan,Cidahu,-6.956657,108.464136,False,80649,1035.9,9.39,3.27,17.14,55.8,50.8,0,10.96,30.4,0.286,0.316
Kab. Kuningan,Kalimanggis,-6.976079,108.551565,False,164752,2318.1,4.62,7.65,20.0,36.1,27.9,0,8.54,24.7,0.165,0.197
Kab. Kuningan,Ciniru,-7.025464,108.493797,False,67365,1652.1,8.24,2.64,2.06,47.9,67.6,0,1.26,10.8,0.089,0.451
Kab. Kuningan,Hantara,-6.969058,108.497833,False,29213,407.8,3.11,15.0,13.2,35.2,24.3,0,7.91,8.0,0.249,0.251
Kab. Kuningan,Japara,-7.047102,108.53954,False,48023,863.5,7.47,1.29,11.52,60.2,64.6,0,8.32,18.6,0.06,0.517
Kab. Kuningan,Maleber,-6.900861,108.490421,False,71007,2107.3,4.12,4.17,2.14,46.9,63.4,7,18.92,11.6,0.261,0.208
Kab. Kuningan,Cilebak,-6.938536,108.5476,False,129648,3531.4,2.68,2.73,5.62,47.9,63.0,1,2.93,16.9,0.233,0.235
Kab. Kuningan,Cibeureum,-6.936842,108.424406,False,48144,730.1,5.26,1.0,20.0,49.4,49.8,2,5.77,26.9,0.278,0.319
Kab. Kuningan,Sindangagung,-6.957794,108.497074,False,180287,4924.6,3.75,1.58,13.09,44.3,54.8,0,4.55,18.5,0.205,0.288
Kab. Kuningan,Caracas,-6.982139,108.517831,False,76670,1351.9,4.29,4.05,7.82,54.2,59.9,0,4.89,26.9,0.277,0.249
Kab. Majalengka,Majalengka,-6.770501,108.298091,False,46972,1113.3,8.46,11.1,0.6,59.7,54.5,4,7.56,27.0,0.163,0.301
Kab. Majalengka,Kadipaten,-6.847866,108.168118,False,82769,2511.2,5.69,3.86,15.88,71.6,58.1,2,6.66,37.2,0.144,0.228
Kab. Majalengka,Jatitujuh,-6.762425,108.284224,False,39175,501.7,6.59,0.79,19.55,55.3,53.5,0,0.3,25.0,0.273,0.295
Kab. Majalengka,Kertajati,-6.900054,108.297335,False,189753,3121.1,4.54,8.38,20.0,45.4,30.3,3,17.45,5.0,0.181,0.193
Kab. Majalengka,Jatiwangi,-6.780817,108.233014,False,44539,1384.2,3.28,15.0,2.31,69.6,53.4,8,5.35,30.9,0.171,0.207
Kab. Majalengka,Dawuan,-6.825396,108.21384,False,27824,826.0,5.67,2.37,9.16,60.2,64.9,0,9.15,8.9,0.135,0.299
Kab. Majalengka,Kasokandel,-6.911238,108.203632,False,100232,5010.7,8.01,6.91,0.44,56.6,63.3,1,1.07,24.9,0.15,0.241
Kab. Majalengka,Panyingkiran,-6.791543,108.150741,False,71696,3416.7,6.18,2.98,2.61,64.5,73.6,2,4.99,5.0,0.177,0.346
Kab. Majalengka,Cigasong,-6.86664,108.213707,False,228380,7052.9,11.07,15.0,3.22,67.6,51.4,14,8.36,28.7,0.178,0.166
Kab. Majalengka,Sukahaji,-6.834017,108.297177,False,150240,2749.1,8.46,10.0,4.54,51.3,48.4,0,4.79,22.8,0.118,0.268
Kab. Majalengka,Rajagaluh,-6.864585,108.205513,False,122825,1722.8,3.33,15.0,1.82,58.7,49.1,3,13.26,31.5,0.22,0.234
Kab. Majalengka,Sindangwangi,-6.802,108.222355,False,93877,1764.8,8.33,1.85,8.62,77.5,74.7,0,0.76,19.2,0.186,0.161
Kab. Majalengka,Leuwimunding,-6.884063,108.22239,False,57625,3601.4,13.65,2.99,8.95,49.6,59.0,3,6.0,22.5,0.203,0.251
Kab. Majalengka,Palasah,-6.897463,108.178222,False,75879,982.3,3.49,1.37,0.41,58.4,77.5,0,14.61,26.5,0.13,0.171
Kab. Majalengka,Bantarujeg,-6.840261,108.217028,False,68076,1159.5,7.48,1.02,3.16,42.8,67.9,0,8.66,32.0,0.125,0.17
Kab. Majalengka,Lemahsugih,-6.773625,108.207983,False,64354,1011.2,7.11,2.37,0.36,73.1,81.8,3,5.05,32.0,0.222,0.189
Kab. Majalengka,Cikijing,-6.827106,108.251162,False,40236,930.6,6.2,0.78,5.62,66.3,75.9,15,19.33,23.2,0.15,0.185
Kab. Majalengka,Talaga,-6.917905,108.256166,False,98603,1797.2,6.74,5.51,3.56,56.3,62.6,4,3.79,36.9,0.292,0.321
Kab. Majalengka,Argapura,-6.891514,108.303771,False,153214,7316.7,4.6,3.64,0.2,74.3,79.4,0,19.38,18.2,0.146,0.216
Kab. Majalengka,Maja,-6.896214,108.21634,False,98244,6181.5,7.48,6.92,8.23,54.5,52.6,0,15.09,24.6,0.142,0.248
Kab. Majalengka,Banjaran,-6.906344,108.3095,False,53113,1708.3,4.27,15.0,4.1,52.9,43.7,0,14.09,16.7,0.104,0.284
Kab. Majalengka,Cingambul,-6.839649,108.245262,False,208567,3831.3,5.07,4.25,18.96,58.5,47.4,0,2.9,27.5,0.205,0.33
Kab. Majalengka,Sindang,-6.909268,108.269994,False,122256,1784.9,8.23,8.19,13.29,74.6,52.3,0,0.42,24.9,0.133,0.311
Kab. Majalengka,Malausma,-6.886415,108.293689,False,45836,832.0,8.06,2.87,3.95,68.0,73.8,3,3.03,45.0,0.258,0.175
Kab. Majalengka,Ligung,-6.887178,108.18051,False,107985,5552.0,13.91,5.99,0.57,61.6,67.7,0,9.15,31.9,0.18,0.184
Kab. Majalengka,Sumberjaya,-6.914152,108.225531,False,93036,1861.0,8.52,11.14,4.75,58.3,48.5,5,3.47,38.0,0.151,0.203
Kab. Sumedang,Sumedang Utara,-6.849625,107.850513,False,132421,2270.6,5.46,3.11,15.68,50.3,50.5,3,6.47,40.6,0.211,0.232
Kab. Sumedang,Sumedang Selatan,-6.815916,107.912526,False,362139,11627.6,5.26,1.13,11.25,57.8,64.2,0,7.07,27.7,0.29,0.175
Kab. Sumedang,Jatinangor,-6.856098,107.910522,False,36789,643.1,3.07,15.0,4.74,62.6,47.2,0,0.9,28.4,0.295,0.196
Kab. Sumedang,Cimanggung,-6.875878,107.929542,False,79784,4857.7,3.66,1.62,3.88,61.5,73.9,9,1.67,39.4,0.255,0.218
Kab. Sumedang,Tanjungsari,-6.915162,107.869109,False,54512,1161.8,6.15,1.22,1.02,63.0,79.1,4,9.76,28.2,0.129,0.322
Kab. Sumedang,Rancakalong,-6.802114,107.991378,False,123263,2961.0,6.38,1.67,9.31,52.5,63.0,0,10.23,23.0,0.162,0.282
Kab. Sumedang,Surian,-6.880271,107.883319,False,62475,2456.7,5.61,0.94,2.71,60.0,76.4,0,3.62,17.6,0.213,0.244
Kab. Sumedang,Pamulihan,-6.83696,107.905397,False,104174,1440.7,3.78,15.0,3.3,53.6,45.0,0,1.84,23.2,0.199,0.296
Kab. Sumedang,Conggeang,-6.935938,107.864984,False,66771,1975.7,8.18,0.97,14.13,65.8,64.6,0,25.0,25.7,0.118,0.284
Kab. Sumedang,Paseh,-6.825444,107.945428,False,87876,1764.2,3.17,3.52,9.13,59.0,61.7,0,1.47,33.2,0.279,0.162
Kab. Sumedang,Cimalaka,-6.935665,107.875516,False,158282,2387.2,5.18,1.86,1.48,53.3,72.7,10,9.67,24.7,0.128,0.293
Kab. Sumedang,Cisarua,-6.903028,107.947503,False,41597,869.0,3.57,0.23,0.2,52.9,78.0,1,23.48,40.4,0.187,0.231
Kab. Sumedang,Tomo,-6.936846,107.856657,False,201869,4231.7,3.16,2.96,5.7,67.9,71.3,3,4.09,23.9,0.127,0.251
Kab. Sumedang,Ujungjaya,-6.812013,107.868567,False,101534,1461.7,8.35,3.29,0.21,58.4,73.1,0,8.3,13.4,0.125,0.245
Kab. Sumedang,Jatigede,-6.835561,107.878109,False,81622,1492.6,13.72,2.74,4.82,66.0,72.1,0,4.78,28.9,0.253,0.202
Kab. Sumedang,Wado,-6.924089,107.878908,False,43107,717.2,7.29,3.85,3.79,63.6,69.6,0,6.33,26.9,0.196,0.348
Kab. Sumedang,Darmaraja,-6.824437,107.976911,False,85742,3364.0,12.08,15.0,20.0,43.2,20.0,0,8.99,28.5,0.237,0.318
Kab. Sumedang,Cibugel,-6.807165,107.903549,False,63883,1679.9,6.82,4.31,4.72,55.8,63.8,11,1.03,22.4,0.183,0.304
Kab. Sumedang,Cisitu,-6.833106,107.872797,False,81274,1491.2,3.14,2.0,2.55,45.4,67.4,0,19.19,35.1,0.108,0.175
Kab. Sumedang,Situraja,-6.893096,107.983414,False,73901,2445.2,4.77,3.01,20.0,56.8,48.3,0,20.73,22.2,0.141,0.23
Kab. Sumedang,Ganeas,-6.93792,107.853681,False,85421,1668.5,7.16,0.5,1.27,50.6,75.0,0,6.47,20.2,0.269,0.219
Kab. Sumedang,Tanjungkerta,-6.906738,107.844245,False,193170,3205.2,2.5,3.2,5.12,51.3,64.0,7,1.25,30.7,0.231,0.292
Kab. Sumedang,Tanjungmedar,-6.91097,107.933287,False,96870,2318.7,4.12,0.46,2.38,52.9,74.7,0,8.92,21.4,0.217,0.221
Kab. Sumedang,Buahdua,-6.872572,107.982827,False,143995,6399.6,15.0,15.0,18.12,70.4,34.1,0,16.67,37.6,0.215,0.218
Kab. Sumedang,Sukasari,-6.809209,107.894691,False,76177,3136.8,4.91,12.57,0.2,45.7,45.3,7,3.68,37.9,0.117,0.349
Kab. Sumedang,Jatinunggal,-6.898492,107.900751,False,72628,991.9,4.13,8.48,19.61,62.1,38.1,3,0.1,30.4,0.125,0.164
Kab. Indramayu,Indramayu,-6.315553,108.28289,False,15848,979.7,6.62,0.1,2.26,59.9,78.9,2,9.34,15.6,0.864,0.095
Kab. Indramayu,Jatibarang,-6.310136,108.305506,False,97702,1899.2,5.24,2.95,7.57,65.7,68.0,4,3.73,31.3,0.795,0.099
Kab. Indramayu,Lohbener,-6.321672,108.30978,False,48704,3112.4,9.48,3.96,3.51,46.5,62.0,12,0.56,41.7,0.717,0.089
Kab. Indramayu,Losarang,-6.362885,108.391753,False,206091,3013.5,7.35,0.93,20.0,62.1,55.7,11,1.51,33.4,0.703,0.112
Kab. Indramayu,Kandanghaur,-6.287823,108.262418,False,29314,441.1,6.71,4.48,1.63,73.1,75.1,0,15.26,35.6,0.816,0.127
Kab. Indramayu,Sukra,-6.271045,108.317989,False,107018,1478.8,5.71,4.3,8.43,60.8,61.5,8,0.97,35.4,0.883,0.056
Kab. Indramayu,Patrol,-6.266872,108.367977,False,78887,1173.4,4.88,5.15,3.28,58.9,65.0,2,1.49,20.3,0.751,0.138
Kab. Indramayu,Anjatan,-6.341966,108.243595,False,88901,1770.4,10.72,7.04,1.16,52.0,60.1,3,5.76,28.6,0.876,0.057
Kab. Indramayu,Haurgeulis,-6.367012,108.326661,False,120831,6097.4,6.0,2.63,9.23,55.9,62.3,0,7.19,35.4,0.772,0.178
Kab. Indramayu,Kroya,-6.308643,108.281262,False,71205,892.1,10.76,3.71,11.45,42.9,51.1,0,1.64,18.0,0.673,0.181
Kab. Indramayu,Gabuswetan,-6.387703,108.373589,False,47901,1267.8,5.04,8.81,1.87,67.2,61.7,0,1.77,37.2,0.606,0.16
Kab. Indramayu,Cikedung,-6.252496,108.32411,False,75883,1679.7,4.9,1.42,5.09,58.9,71.7,4,2.97,18.4,0.88,0.149
Kab. Indramayu,Terisi,-6.382531,108.283569,False,211659,13617.1,10.27,2.97,20.0,79.7,58.7,9,4.2,25.8,0.732,0.057
Kab. Indramayu,Widasari,-6.407057,108.386288,False,70382,4586.5,13.93,4.96,15.06,57.3,50.0,0,3.2,30.6,0.876,0.121
Kab. Indramayu,Kertasemaya,-6.39116,108.332243,False,118529,6135.0,13.09,9.95,5.59,54.5,48.7,1,5.73,28.9,0.609,0.153
Kab. Indramayu,Bongas,-6.366151,108.328668,False,229707,3596.9,8.34,6.3,3.01,62.0,64.0,6,1.19,31.0,0.745,0.069
Kab. Indramayu,Karangampel,-6.305773,108.372759,False,50748,865.6,7.31,2.47,12.9,56.1,58.2,0,7.23,43.9,0.664,0.06
Kab. Indramayu,Kedokanbunder,-6.376973,108.241759,False,60828,2198.1,8.35,1.46,20.0,66.9,56.6,4,16.12,35.8,0.772,0.143
Kab. Indramayu,Juntinyuat,-6.388098,108.384003,False,129283,2010.1,8.0,15.0,3.64,62.0,48.3,2,9.25,29.6,0.752,0.173
Kab. Indramayu,Sliyeg,-6.270178,108.335586,False,148648,2824.8,7.6,2.03,5.08,51.5,67.0,2,4.94,17.9,0.858,0.142
Kab. Indramayu,Sindang,-6.313917,108.346406,False,89100,1447.2,4.17,6.92,0.36,68.4,68.7,0,25.0,36.3,0.604,0.154
Kab. Indramayu,Bangodua,-6.381941,108.386306,False,55836,1818.9,4.07,0.29,3.64,45.4,70.2,0,8.97,27.3,0.725,0.135
Kab. Indramayu,Tukdana,-6.342997,108.301302,False,132767,2768.4,5.62,3.95,2.93,46.9,63.0,0,8.09,20.8,0.795,0.103
Kab. Indramayu,Cantigi,-6.326973,108.247515,False,90086,2258.8,4.9,1.26,2.82,54.6,73.0,4,0.48,22.4,0.875,0.07
Kab. Indramayu,Arahan,-6.383395,108.358085,False,197547,6045.6,9.12,2.87,5.46,66.3,71.1,1,2.76,27.4,0.801,0.051
Kab. Indramayu,Lelea,-6.396752,108.336504,False,102327,1815.5,6.76,15.0,1.83,71.0,54.7,0,4.12,24.7,0.877,0.067
Kab. Indramayu,Gantar,-6.370744,108.302287,False,50988,847.7,4.85,5.31,0.68,64.8,70.5,0,9.37,24.7,0.628,0.1
Kab. Indramayu,Krangkeng,-6.363809,108.296908,False,31950,550.6,7.67,6.61,0.5,67.7,69.0,0,5.98,18.6,0.712,0.082
Kab. Indramayu,Balongan,-6.294953,108.287539,False,155368,5711.7,9.71,1.16,11.74,68.2,68.2,6,6.13,23.1,0.776,0.116
Kab. Indramayu,Pasekan,-6.319375,108.316168,False,42860,994.4,10.23,0.19,14.53,42.0,55.3,0,0.64,26.5,0.61,0.098
Kab. Indramayu,Karanganyar,-6.303813,108.389893,False,60650,1184.0,6.9,0.88,20.0,51.5,51.0,0,12.21,27.2,0.843,0.153
Kab. Subang,Subang,-6.532788,107.71439,False,35397,482.5,9.05,0.46,1.76,62.9,80.0,3,10.97,20.2,0.345,0.29
Kab. Subang,Kalijati,-6.645011,107.721962,False,156012,1956.3,6.52,3.76,0.84,52.1,68.4,0,6.86,44.9,0.262,0.17
Kab. Subang,Cibogo,-6.554788,107.688228,False,76778,1462.8,9.3,1.67,1.73,60.1,75.9,0,0.27,39.4,0.254,0.316
Kab. Subang,Cipunagara,-6.570581,107.775495,False,150804,2236.4,4.14,7.42,1.93,42.7,54.0,8,5.99,26.2,0.396,0.249
Kab. Subang,Purwadadi,-6.596521,107.803346,False,97227,4145.2,5.94,2.2,3.12,58.9,72.3,1,2.98,36.5,0.202,0.178
Kab. Subang,Pagaden,-6.632944,107.692022,False,152947,2952.6,4.45,0.43,3.03,58.9,76.7,2,10.32,12.7,0.264,0.266
Kab. Subang,Pagaden Barat,-6.53349,107.759279,False,40308,2529.6,8.13,1.77,5.2,60.8,71.6,0,16.48,36.5,0.215,0.339
Kab. Subang,Binong,-6.539856,107.749572,False,221169,12615.9,9.08,9.27,2.88,65.8,58.7,2,5.74,25.2,0.273,0.333
Kab. Subang,Ciasem,-6.610576,107.811056,False,194404,3496.5,15.0,5.65,2.37,64.9,67.7,4,14.56,42.7,0.356,0.301
Kab. Subang,Pamanukan,-6.522093,107.791151,False,275444,3469.3,14.68,0.1,3.3,61.3,78.2,0,5.8,45.0,0.321,0.275
Kab. Subang,Pusakanagara,-6.606457,107.774437,False,286059,7098.3,5.78,1.99,7.67,56.5,66.1,3,9.66,45.0,0.328,0.276
Kab. Subang,Pusakajaya,-6.592244,107.694653,False,122239,1621.3,6.41,9.74,2.62,64.0,57.2,0,5.43,27.1,0.311,0.347
Kab. Subang,Legonkulon,-6.50323,107.701891,False,34692,435.2,6.58,3.34,9.5,62.6,63.3,0,0.78,33.7,0.346,0.305
Kab. Subang,Blanakan,-6.497962,107.751361,False,211826,3445.4,9.38,4.36,14.89,56.3,51.3,6,2.41,36.7,0.574,0.082
Kab. Subang,Sukasari,-6.620379,107.766704,False,89105,1513.8,5.16,0.89,9.49,47.2,62.2,2,2.7,27.0,0.217,0.247
Kab. Subang,Compreng,-6.510329,107.797156,False,134052,5180.1,6.45,3.29,2.7,65.6,73.2,8,6.45,33.5,0.303,0.316
Kab. Subang,Patokbeusi,-6.52095,107.785405,False,174191,3047.4,10.04,4.68,15.39,74.8,58.2,0,20.89,23.2,0.289,0.264
Kab. Subang,Ciater,-6.539236,107.815871,False,104044,1928.4,4.05,4.21,0.39,64.5,73.4,1,9.52,40.3,0.305,0.158
Kab. Subang,Sagalaherang,-6.610053,107.758308,False,61890,1059.7,12.27,1.57,5.18,47.6,66.2,0,3.53,27.9,0.323,0.316
Kab. Subang,Cisalak,-6.614606,107.838027,False,139915,2313.5,12.29,3.41,2.47,59.1,70.4,0,2.98,39.3,0.232,0.269
Kab. Subang,Jalancagak,-6.498951,107.686308,False,56789,1381.0,15.0,1.45,3.94,66.9,76.7,5,0.34,30.7,0.519,0.075
Kab. Subang,Serangpanjang,-6.537108,107.82804,False,28814,384.8,7.29,0.67,11.5,60.5,66.2,11,12.1,19.3,0.225,0.346
Kab. Subang,Tanjungsiang,-6.621108,107.770871,False,32527,1769.8,10.43,8.69,9.98,62.8,49.9,0,5.7,20.3,0.279,0.195
Kab. Subang,Dawuan,-6.503522,107.685431,False,45626,838.0,5.34,11.05,6.84,46.6,40.9,2,5.17,17.5,0.234,0.284
Kab. Subang,Cipeundeuy,-6.538413,107.727576,False,126950,4418.7,10.06,4.98,3.82,60.0,65.3,1,0.5,29.6,0.322,0.279
Kab. Subang,Kasomalang,-6.502097,107.835369,False,93462,1485.1,7.91,4.91,0.53,64.2,71.5,0,25.0,35.9,0.218,0.329
Kab. Subang,Cijambe,-6.498917,107.755874,False,97518,2156.3,6.3,3.28,2.57,47.7,65.4,0,6.55,30.9,0.478,0.097
Kab. Subang,Tambakdahan,-6.512073,107.815128,False,91996,4752.8,5.96,5.7,9.99,64.8,58.0,0,1.02,32.1,0.292,0.228
Kab. Subang,Cikaum,-6.598944,107.812626,False,132717,1747.0,8.51,0.83,0.67,46.5,73.1,0,0.65,35.8,0.373,0.336
Kab. Subang,Pabuaran,-6.644079,107.775403,False,50729,1767.5,5.36,0.68,8.21,70.2,74.7,9,6.72,21.5,0.261,0.323
Kab. Purwakarta,Purwakarta,-6.593199,107.369291,False,38323,1777.2,6.87,9.38,10.64,60.1,46.2,0,4.83,35.9,0.256,0.336
Kab. Purwakarta,Babakancikao,-6.617687,107.461406,False,38012,568.3,6.14,0.56,0.31,66.3,83.1,0,1.54,32.3,0.149,0.265
Kab. Purwakarta,Campaka,-6.57562,107.465963,False,61177,2611.2,5.72,1.33,0.85,61.3,78.3,5,6.8,32.6,0.155,0.315
Kab. Purwakarta,Cibatu,-6.619543,107.400446,False,248733,13045.4,4.81,13.15,5.64,54.4,42.4,0,1.14,25.9,0.101,0.263
Kab. Purwakarta,Darangdan,-6.543681,107.476516,False,85524,2294.6,8.55,8.4,7.53,67.8,55.9,0,8.65,28.4,0.168,0.215
Kab. Purwakarta,Jatiluhur,-6.579,107.450143,False,44134,4521.6,8.58,1.16,4.86,69.5,77.4,1,4.51,20.4,0.229,0.32
Kab. Purwakarta,Maniis,-6.488244,107.448538,False,156901,17306.4,5.85,1.55,20.0,65.7,55.9,10,0.95,27.1,0.322,0.178
Kab. Purwakarta,Pasawahan,-6.592726,107.353904,False,44435,951.3,10.03,12.73,0.2,56.7,50.2,2,7.23,38.0,0.153,0.254
Kab. Purwakarta,Plered,-6.490784,107.353403,False,32907,480.7,6.15,5.81,8.19,67.5,61.2,1,1.17,25.0,0.29,0.052
Kab. Purwakarta,Pondoksalam,-6.490048,107.43463,False,49576,798.0,2.82,5.12,0.88,71.8,73.9,0,3.8,32.9,0.311,0.149
Kab. Purwakarta,Sukatani,-6.479749,107.477805,False,244604,18327.4,10.97,4.29,20.0,69.0,50.7,7,1.6,26.4,0.318,0.16
Kab. Purwakarta,Tegalwaru,-6.470331,107.406114,False,233249,2940.8,8.16,0.18,2.64,73.4,84.3,1,13.33,37.4,0.314,0.06
Kab. Purwakarta,Wanayasa,-6.50725,107.414309,False,69230,7802.6,7.52,6.26,5.71,68.7,63.8,0,10.82,36.8,0.123,0.269
Kab. Purwakarta,Bojong,-6.55322,107.450401,False,18066,1383.5,4.88,2.12,3.18,71.7,78.2,0,0.48,24.3,0.155,0.166
Kab. Purwakarta,Bungursari,-6.490212,107.507453,False,96827,2664.8,11.94,11.67,5.92,69.3,50.8,0,3.05,38.1,0.286,0.133
Kab. Purwakarta,Kiarapedes,-6.507076,107.416843,False,88138,3174.2,9.25,0.29,20.0,52.8,53.1,1,5.79,40.7,0.166,0.294
Kab. Purwakarta,Sukasari,-6.562583,107.468013,False,169015,16983.5,5.66,1.55,2.99,85.8,86.2,2,1.57,28.0,0.229,0.217
Kab. Karawang,Karawang Barat,-6.361796,107.237676,False,57290,1125.0,10.6,4.58,6.94,60.2,62.4,13,7.39,30.2,0.726,0.147
Kab. Karawang,Karawang Timur,-6.34326,107.265958,False,67068,1287.1,9.23,1.37,2.18,70.1,80.5,0,4.28,24.5,0.691,0.133
Kab. Karawang,Klari,-6.352591,107.257377,False,61630,2292.4,5.58,0.19,5.58,58.2,73.7,0,2.57,36.6,0.503,0.154
Kab. Karawang,Cikampek,-6.393265,107.22286,False,172562,11787.7,8.34,7.5,10.74,59.0,50.1,2,2.04,33.5,0.613,0.191
Kab. Karawang,Purwasari,-6.241964,107.288444,False,100558,7998.1,5.6,0.33,5.95,52.1,70.2,5,4.11,32.4,0.745,0.138
Kab. Karawang,Kotabaru,-6.338508,107.328744,False,122597,1753.1,5.6,7.6,1.62,76.7,69.2,8,3.72,16.5,0.576,0.081
Kab. Karawang,Telukjambe Barat,-6.365079,107.371994,False,185418,32840.4,6.04,7.81,1.37,70.7,66.3,7,13.13,32.2,0.602,0.121
Kab. Karawang,Telukjambe Timur,-6.274185,107.234306,False,86759,2701.9,9.31,3.72,1.3,69.8,75.8,0,0.16,40.2,0.589,0.127
Kab. Karawang,Ciampel,-6.333187,107.360659,False,117944,2114.6,8.17,0.25,12.06,68.0,69.9,4,1.73,45.0,0.55,0.197
Kab. Karawang,Pangkalan,-6.248843,107.294784,False,122397,16965.1,5.48,2.19,2.1,65.2,76.5,0,2.91,42.0,0.532,0.19
Kab. Karawang,Tegalwaru,-6.301854,107.246725,False,168550,9574.6,7.15,6.85,5.51,64.5,60.7,0,0.1,36.4,0.774,0.129
Kab. Karawang,Jatisari,-6.241413,107.257067,False,74821,1010.4,5.72,0.94,1.23,75.5,85.2,0,17.4,27.7,0.717,0.115
Kab. Karawang,Cilamaya Kulon,-6.249163,107.323943,False,309229,12348.4,7.45,0.1,0.28,71.0,86.3,3,1.8,27.6,0.689,0.101
Kab. Karawang,Cilamaya Wetan,-6.302762,107.30203,False,384009,4801.8,4.64,3.59,9.46,59.6,61.4,4,0.22,26.9,0.59,0.137
Kab. Karawang,Lemahabang,-6.363093,107.248244,False,271244,53727.8,7.65,3.42,1.59,61.8,72.6,13,0.58,30.7,0.649,0.137
Kab. Karawang,Tempuran,-6.364722,107.24983,False,69742,1447.3,4.55,0.13,8.56,72.4,76.6,0,8.8,27.0,0.586,0.105
Kab. Karawang,Majalaya,-6.275266,107.27602,False,127876,14184.4,12.05,5.44,5.93,85.3,72.9,4,0.12,36.9,0.525,0.058
Kab. Karawang,Rawamerta,-6.390745,107.375056,False,104182,2396.0,5.81,1.13,2.78,70.0,80.3,1,1.74,19.8,0.576,0.061
Kab. Karawang,Kutawaluya,-6.258594,107.36844,False,54382,15125.6,8.01,12.03,4.77,76.8,54.7,5,3.62,30.7,0.531,0.172
Kab. Karawang,Rengasdengklok,-6.240815,107.247823,False,153176,24036.8,6.11,0.78,0.56,74.5,85.9,9,1.54,19.3,0.512,0.149
Kab. Karawang,Batujaya,-6.336601,107.341318,False,220166,5438.1,6.09,4.55,9.36,75.0,66.1,5,3.16,36.9,0.582,0.181
Kab. Karawang,Pakisjaya,-6.288637,107.244623,False,161994,27723.6,7.36,4.62,8.99,68.6,63.5,10,2.76,30.5,0.645,0.096
Kab. Karawang,Jayakerta,-6.269467,107.25591,False,202131,26429.8,9.01,4.01,1.94,77.4,77.8,10,10.44,44.7,0.655,0.107
Kab. Karawang,Pedes,-6.364189,107.305916,False,254429,8414.3,7.58,15.0,0.22,53.8,48.9,0,19.73,35.2,0.669,0.067
Kab. Karawang,Cilebar,-6.30513,107.312814,False,153472,4757.8,8.43,5.54,1.12,69.3,71.5,1,0.62,17.9,0.799,0.114
Kab. Karawang,Tirtamulya,-6.385362,107.360394,False,62394,4735.0,13.36,1.08,3.6,73.8,81.1,3,1.24,23.0,0.604,0.157
Kab. Karawang,Tirtajaya,-6.357504,107.240722,False,175899,27790.1,11.56,2.42,11.18,70.2,66.8,12,9.89,31.0,0.609,0.175
Kab. Karawang,Cibuaya,-6.2578,107.372904,False,200265,3610.0,11.59,0.72,6.16,61.4,73.2,0,1.09,45.0,0.636,0.158
Kab. Karawang,Telagasari,-6.26206,107.349523,False,76347,19341.9,5.67,3.93,4.07,71.7,72.7,2,5.44,27.4,0.532,0.177
Kab. Karawang,Banyusari,-6.295161,107.308137,False,72042,1040.4,4.87,6.03,2.08,50.9,60.8,0,2.87,33.1,0.721,0.082
Kab. Pangandaran,Pangandaran,-7.746082,108.635353,False,59464,789.1,3.74,15.0,2.64,45.6,42.2,2,4.84,30.1,0.072,0.695
Kab. Pangandaran,Parigi,-7.70037,108.611561,False,28781,369.3,5.14,2.55,4.11,31.1,57.8,5,0.73,28.5,0.196,0.677
Kab. Pangandaran,Cijulang,-7.644253,108.64934,False,24083,528.0,5.14,15.0,2.66,52.1,45.1,0,9.08,19.8,0.118,0.609
Kab. Pangandaran,Cimerak,-7.747033,108.605229,False,115799,2203.1,7.58,14.34,0.89,57.1,49.6,5,16.08,14.4,0.11,0.771
Kab. Pangandaran,Cigugur,-7.650679,108.582181,False,109250,5869.1,7.77,1.1,20.0,56.9,53.0,2,0.12,22.5,0.193,0.755
Kab. Pangandaran,Langkaplancar,-7.623807,108.649223,False,79540,1906.2,2.87,4.46,20.0,33.6,34.4,0,3.82,25.9,0.173,0.764
Kab. Pangandaran,Mangunjaya,-7.683106,108.664785,False,54114,903.1,6.41,1.41,3.15,56.7,73.2,0,3.38,25.3,0.056,0.695
Kab. Pangandaran,Padaherang,-7.628051,108.625649,False,44680,1199.9,3.99,0.68,1.39,45.1,71.9,4,6.81,7.5,0.136,0.885
Kab. Pangandaran,Kalipucang,-7.651517,108.660517,False,73833,2189.8,10.12,10.66,1.32,41.3,46.4,2,2.52,9.6,0.179,0.669
Kab. Pangandaran,Sidamulih,-7.717275,108.710581,False,105380,2439.4,2.71,0.92,8.78,45.5,62.3,12,1.38,10.6,0.083,0.66
Kab. Bandung Barat,Lembang,-6.812412,107.485352,False,125425,1702.8,5.32,4.63,4.37,76.5,72.9,0,21.72,38.8,0.284,0.321
Kab. Bandung Barat,Parongpong,-6.803907,107.518767,False,208749,14722.8,13.86,4.58,6.1,59.1,63.0,7,1.2,23.5,0.255,0.229
Kab. Bandung Barat,Cisarua,-6.826662,107.513922,False,476414,34571.3,13.4,0.13,2.65,82.5,88.5,7,0.1,19.7,0.201,0.243
Kab. Bandung Barat,Cikalongwetan,-6.828405,107.488823,False,169369,39819.3,10.46,8.78,4.38,75.0,62.2,7,9.94,33.2,0.151,0.251
Kab. Bandung Barat,Cipeundeuy,-6.841022,107.500435,False,74152,5021.6,8.66,4.12,18.95,66.2,51.2,1,3.93,40.1,0.106,0.176
Kab. Bandung Barat,Ngamprah,-6.914623,107.520939,False,129991,2062.5,6.16,15.0,6.46,74.5,50.4,1,6.24,42.9,0.277,0.3
Kab. Bandung Barat,Padalarang,-6.800505,107.38468,False,142483,6562.4,15.0,0.51,9.01,61.1,70.0,16,0.29,22.6,0.185,0.253
Kab. Bandung Barat,Batujajar,-6.807869,107.400619,False,41044,540.1,10.07,10.42,2.73,59.7,53.4,0,0.33,45.0,0.174,0.298
Kab. Bandung Barat,Cihampelas,-6.886381,107.498961,False,145497,20291.8,11.6,1.89,1.62,92.0,89.8,0,9.7,16.2,0.257,0.303
Kab. Bandung Barat,Cililin,-6.914278,107.510875,False,120311,2687.6,6.82,6.49,16.23,69.4,50.3,2,0.69,27.7,0.245,0.191
Kab. Bandung Barat,Cipongkor,-6.806859,107.461195,False,51059,971.7,10.53,1.24,0.39,73.4,84.6,0,2.93,35.8,0.168,0.244
Kab. Bandung Barat,Rongga,-6.938978,107.425926,False,162986,18673.5,10.04,1.26,12.85,81.6,72.6,5,2.11,24.8,0.166,0.301
Kab. Bandung Barat,Sindangkerta,-6.841292,107.53699,False,250813,36149.9,6.84,1.2,6.73,77.0,78.4,11,3.89,30.2,0.166,0.178
Kab. Bandung Barat,Gununghalu,-6.83891,107.421569,False,113852,2457.0,5.74,0.12,2.63,60.4,78.6,4,9.54,28.6,0.18,0.346
Kab. Bandung Barat,Saguling,-6.838559,107.466398,False,109427,8615.8,5.79,5.64,1.16,79.6,75.8,7,8.28,9.2,0.145,0.272
Kab. Bandung Barat,Cipatat,-6.815225,107.397117,False,94289,14201.4,3.97,3.47,2.26,69.3,75.0,1,5.42,17.4,0.187,0.164
Kota Cimahi,Cimahi Utara,-6.828236,107.546603,True,289139,85243.9,15.0,0.1,5.13,92.6,90.0,25,3.81,33.3,0.198,0.29
Kota Cimahi,Cimahi Tengah,-6.795921,107.5147,True,98898,9092.5,10.41,0.7,5.22,91.8,88.1,0,2.46,26.8,0.203,0.324
Kota Cimahi,Cimahi Selatan,-6.84878,107.609124,True,500000,130841.9,15.0,4.87,5.09,81.5,73.6,34,2.71,27.8,0.158,0.167
Kota Banjar,Banjar,-7.433598,108.609957,True,167220,11725.1,6.44,2.47,7.39,69.7,71.2,5,0.22,30.5,0.19,0.413
Kota Banjar,Purwaharja,-7.339938,108.470854,True,137976,14360.7,7.74,1.0,7.07,75.2,77.6,0,2.85,38.6,0.136,0.538
Kota Banjar,Pataruman,-7.401846,108.573308,True,180459,17449.3,10.94,1.69,0.43,64.8,79.6,3,10.27,40.8,0.099,0.515
Kota Banjar,Langensari,-7.439224,108.553147,True,105900,14589.3,8.14,0.66,20.0,88.4,68.2,0,0.25,16.9,0.07,0.387
